id,asin,title,group,salesrank,similar_count,similar_asins,categories_count,categories_list,reviews_total,reviews_downloaded,reviews_avg_rating,reviews_list
13,0313230269,Clockwork Worlds : Mechanized Environments in SF (Contributions to the Study of Science Fiction and Fantasy),Book,2895088,0,,3,|Books[283155]|Subjects[1000]|Literature & Fiction[17]|History & Criticism[10204]|Criticism & Theory[10207]|General[10213] ; |Books[283155]|Subjects[1000]|Science Fiction & Fantasy[25]|Fantasy[16190]|History & Criticism[16203] ; |Books[283155]|Subjects[1000]|Science Fiction & Fantasy[25]|Science Fiction[16272]|History & Criticism[16288],0,0,0.0,
46,0826449379,Alternative Worlds in Fantasy Fiction (Contemporary Classics of Children's Literature),Book,1115213,5,0889652015;0380651939;0141301163;0440418321;0689845332,8,|Books[283155]|Subjects[1000]|Literature & Fiction[17]|Books & Reading[9988]|General[10001] ; |Books[283155]|Subjects[1000]|Literature & Fiction[17]|History & Criticism[10204]|Criticism & Theory[10207]|General[10213] ; |Books[283155]|Subjects[1000]|Parenting & Families[20]|Literature Guides[11399] ; |Books[283155]|Subjects[1000]|Science Fiction & Fantasy[25]|Fantasy[16190]|History & Criticism[16203] ; |Books[283155]|Subjects[1000]|Science Fiction & Fantasy[25]|Science Fiction[16272]|History & Criticism[16288] ; |Books[283155]|Subjects[1000]|Teens[28]|Literature & Fiction[17443]|Classics[17445] ; |Books[283155]|Subjects[1000]|Teens[28]|Science Fiction & Fantasy[17466]|Fantasy[17468] ; |Books[283155]|Subjects[1000]|Teens[28]|Science Fiction & Fantasy[17466]|Science Fiction[17470],0,0,0.0,
148,0812550749,Firebird,Book,77008,5,0756401615;0886778905;067187750X;0756400619;0756401011,3,"|Books[283155]|Subjects[1000]|Science Fiction & Fantasy[25]|Fantasy[16190]|General[16199] ; |Books[283155]|Subjects[1000]|Science Fiction & Fantasy[25]|Authors, A-Z[14652]|( L )[15504]|Lackey, Mercedes[15512]|General[284611] ; |Books[283155]|Subjects[1000]|Science Fiction & Fantasy[25]|Authors, A-Z[14652]|( L )[15504]|Lackey, Mercedes[15512]|Paperback[285629]",42,42,4.0,date:1996-12-23|user:A227CKIQLIBNXE|score:5|votes:0|help:0 ; date:1997-1-27|user:ATVPDKIKX0DER|score:4|votes:0|help:0 ; date:1997-4-7|user:ATVPDKIKX0DER|score:2|votes:3|help:1 ; date:1997-7-5|user:ATVPDKIKX0DER|score:4|votes:1|help:0 ; date:1997-7-28|user:A2K7C8N2RLPC8A|score:5|votes:0|help:0 ; date:1997-12-14|user:ATVPDKIKX0DER|score:2|votes:1|help:0 ; date:1998-1-2|user:ATVPDKIKX0DER|score:5|votes:0|help:0 ; date:1998-2-16|user:ATVPDKIKX0DER|score:3|votes:0|help:0 ; date:1998-4-12|user:ATVPDKIKX0DER|score:4|votes:0|help:0 ; date:1998-6-23|user:ATVPDKIKX0DER|score:3|votes:0|help:0 ; date:1998-6-30|user:A3MEFG5DQYVXLR|score:3|votes:0|help:0 ; date:1998-9-27|user:A1SS7SL9QDSQ9Q|score:5|votes:0|help:0 ; date:1998-10-22|user:ATVPDKIKX0DER|score:5|votes:0|help:0 ; date:1998-11-14|user:ATVPDKIKX0DER|score:5|votes:0|help:0 ; date:1998-12-11|user:ARBYE9RN5KRVZ|score:5|votes:1|help:1 ; date:1999-1-27|user:A33TYV9UXCYDJ7|score:5|votes:0|help:0 ; date:1999-5-20|user:ATVPDKIKX0DER|score:4|votes:0|help:0 ; date:1999-5-24|user:ATVPDKIKX0DER|score:5|votes:0|help:0 ; date:1999-5-27|user:A3UQG1PX8AP0FG|score:5|votes:0|help:0 ; date:1999-9-1|user:AT9G0UDNCQI78|score:5|votes:0|help:0 ; date:1999-11-21|user:A10NKGSD41XDIW|score:5|votes:0|help:0 ; date:2000-1-8|user:A36CI9LLL400DU|score:5|votes:6|help:6 ; date:2000-3-24|user:A34V6AVHPJOTWL|score:5|votes:0|help:0 ; date:2000-5-8|user:AICMUZWCPFI2X|score:4|votes:1|help:1 ; date:2000-5-15|user:A2YY83QJBQMZBA|score:5|votes:0|help:0 ; date:2000-5-21|user:A1XSKZN07IG780|score:5|votes:0|help:0 ; date:2000-6-1|user:A2A5J0JB3Q69UH|score:1|votes:2|help:0 ; date:2000-6-8|user:AB1XPC526AK2P|score:5|votes:3|help:3 ; date:2000-6-14|user:A1KAUFWG85KHVF|score:5|votes:0|help:0 ; date:2000-6-18|user:A2LZNOUBABJX54|score:5|votes:0|help:0 ; date:2000-7-15|user:A2TG4QNFYB9ZYC|score:4|votes:2|help:2 ; date:2000-12-3|user:ADWJX40T5Q101|score:3|votes:3|help:2 ; date:2001-2-16|user:A2IT6KHC82I50H|score:5|votes:1|help:1 ; date:2001-7-12|user:A3C0QBITNIF09C|score:5|votes:0|help:0 ; date:2001-7-25|user:A292V7PUZFNK0P|score:4|votes:1|help:1 ; date:2001-9-29|user:ACZXG7T4UGSLF|score:4|votes:3|help:3 ; date:2002-1-27|user:A3BB7DN7TMPR8Q|score:3|votes:2|help:2 ; date:2002-8-2|user:A2SLVC3BGZFYNE|score:5|votes:1|help:1 ; date:2002-10-24|user:ADLN37B0153N|score:3|votes:4|help:3 ; date:2003-4-8|user:A22ZZQFAYIZ9SR|score:4|votes:2|help:2 ; date:2004-8-12|user:A3I0D9ZPEJ9JX4|score:4|votes:0|help:0 ; date:2005-2-27|user:A3CZEXBX54HYWN|score:5|votes:0|help:0
210,158715837X,"Farewell, Nikola",Book,2592270,0,,1,|Books[283155]|Subjects[1000]|Science Fiction & Fantasy[25]|Fantasy[16190]|General[16199],0,0,0.0,
248,0312862156,Starlight (Starlight (Tor Paperback)),Book,777751,5,0312861842;0312867794;1582344167;0380975238;0380786230,3,|Books[283155]|Subjects[1000]|Literature & Fiction[17]|Genre Fiction[10134]|Anthologies[10137] ; |Books[283155]|Subjects[1000]|Science Fiction & Fantasy[25]|Science Fiction[16272]|Anthologies[16277] ; |Books[283155]|Subjects[1000]|Science Fiction & Fantasy[25]|Science Fiction[16272]|General[16282],4,4,4.0,date:1997-11-25|user:ATVPDKIKX0DER|score:4|votes:2|help:1 ; date:1998-9-14|user:A211CHX6KPRHBB|score:5|votes:1|help:1 ; date:1999-2-18|user:A3R5PHRM71KWDG|score:5|votes:2|help:2 ; date:1999-9-30|user:A1L1O4E2STZF6E|score:2|votes:7|help:3
330,0553138057,"Logan's Search (Logan Series, 3rd Book)",Book,785276,0,,2,|Books[283155]|Subjects[1000]|Science Fiction & Fantasy[25]|Science Fiction[16272]|General[16282] ; |Books[283155]|Subjects[1000]|Science Fiction & Fantasy[25]|Science Fiction[16272]|Series[16306]|General[224692],1,1,4.0,date:2000-12-27|user:A6NU8O4QVEKYA|score:4|votes:26|help:1
334,0743445643,"Cathedral (Star Trek Deep Space Nine: Mission Gamma, Book 3)",Book,235051,5,0743445600;0743448383;0743448405;0743418522;0743400518,4,|Books[283155]|Subjects[1000]|Science Fiction & Fantasy[25]|Science Fiction[16272]|Adventure[16273] ; |Books[283155]|Subjects[1000]|Science Fiction & Fantasy[25]|Science Fiction[16272]|General[16282] ; |Books[283155]|Subjects[1000]|Science Fiction & Fantasy[25]|Media[16230]|Star Trek[16244]|General[265642] ; |Books[283155]|Subjects[1000]|Science Fiction & Fantasy[25]|Media[16230]|Star Trek[16244]|Deep Space Nine[265643],16,16,4.0,date:2002-9-30|user:A2VMOBY7OG70AO|score:4|votes:12|help:10 ; date:2002-10-4|user:A1UR550H7821A2|score:5|votes:5|help:2 ; date:2002-10-9|user:A1B947OL8KWJMF|score:2|votes:8|help:0 ; date:2002-10-28|user:AENXJM2CKEN5L|score:5|votes:4|help:4 ; date:2002-10-31|user:ANP3R2R4V4GAN|score:2|votes:0|help:0 ; date:2002-11-5|user:A12NKUK7RWS50A|score:5|votes:2|help:2 ; date:2002-11-5|user:A2XIF5U5XU1Y9U|score:4|votes:2|help:2 ; date:2002-11-23|user:A2Y8251P67CZTH|score:4|votes:3|help:1 ; date:2002-12-30|user:A1ODZT7QUYC2LO|score:3|votes:7|help:1 ; date:2003-1-3|user:A1RSKPKEP21IWT|score:5|votes:1|help:1 ; date:2003-8-9|user:A31Z708U15LT3J|score:4|votes:1|help:1 ; date:2003-12-28|user:AKT8TGIT6VVZ5|score:4|votes:0|help:0 ; date:2004-5-21|user:A2OM3JVAQXJWD|score:5|votes:1|help:1 ; date:2004-5-30|user:ACTJO4S3Z2GBV|score:5|votes:2|help:2 ; date:2004-8-24|user:A3Q80Q6YFP5W6Q|score:5|votes:2|help:1 ; date:2004-10-1|user:A2YM2NM7YZA24Q|score:5|votes:2|help:1
423,088404291X,"Doomed Planet (Mission Earth, Vol 10)",Book,483904,5,088404288X;0884042871;0884042863;0884042855;0884042847,3,"|Books[283155]|Subjects[1000]|Science Fiction & Fantasy[25]|Authors, A-Z[14652]|( H )[15304]|Hubbard, L. Ron[15378] ; |Books[283155]|Subjects[1000]|Science Fiction & Fantasy[25]|Science Fiction[16272]|General[16282] ; |Books[283155]|Subjects[1000]|Science Fiction & Fantasy[25]|Science Fiction[16272]|Series[16306]|General[224692]",8,8,3.5,date:1997-10-30|user:A38T34YO9H19P4|score:5|votes:5|help:1 ; date:1999-6-2|user:ATVPDKIKX0DER|score:3|votes:2|help:1 ; date:1999-11-7|user:A17YG60BK1FKGC|score:1|votes:7|help:3 ; date:1999-11-13|user:A2GKMCO8QDOELK|score:1|votes:26|help:15 ; date:1999-12-25|user:A2TJM5A28JUVH2|score:5|votes:12|help:6 ; date:2000-5-31|user:AZUKKLJSA33BI|score:5|votes:4|help:1 ; date:2000-6-25|user:ATOFFO1VNCAGQ|score:5|votes:8|help:5 ; date:2001-8-15|user:A1JJOV69MAU2J2|score:2|votes:5|help:5
443,1563897431,"World's Finest Comics Archives, Vol. 2 (DC Archive Editions)",Book,508580,5,1563894882;1563899329;1563897253;1563899833;1563898195,3,|Books[283155]|Subjects[1000]|Science Fiction & Fantasy[25]|Science Fiction[16272]|General[16282] ; |Books[283155]|Subjects[1000]|Comics & Graphic Novels[4366]|Publishers[4396]|DC Comics[193766] ; |Books[283155]|Subjects[1000]|Comics & Graphic Novels[4366]|Graphic Novels[4390]|Superheroes[3825121],0,0,0.0,
488,0590282085,Nova's Ark,Book,520808,5,0399231285;0448438151;0448438186;0786807598;0448438143,5,"|Books[283155]|Subjects[1000]|Children's Books[4]|Baby-3[2752]|Picture Books[2784] ; |Books[283155]|Subjects[1000]|Children's Books[4]|Literature[2966]|Science Fiction, Fantasy, Mystery & Horror[3013]|Science Fiction, Fantasy, & Magic[3017] ; |Books[283155]|Subjects[1000]|Children's Books[4]|Science, Nature & How It Works[3207]|Fiction[3228] ; |Books[283155]|Subjects[1000]|Science Fiction & Fantasy[25]|Science Fiction[16272]|General[16282] ; |Books[283155]|Subjects[1000]|Children's Books[4]|Baby-3[2752]|General[3049241]",10,5,4.5,date:2000-1-15|user:A3QFE1H3RUP6Z7|score:5|votes:1|help:1 ; date:2000-5-21|user:A3QSFDDEMA8XKK|score:4|votes:5|help:5 ; date:2000-8-6|user:A1FVBPSQZPBBIS|score:5|votes:1|help:1 ; date:2000-11-17|user:A1ROJJZPBOOUTF|score:4|votes:2|help:2 ; date:2005-3-27|user:AH9HYJDTP4NZ9|score:4|votes:0|help:0
490,1586648500,Record Of Lodoss War Chronicles Of The Heroic Knight Book 2 (Record of Lodoss War (Graphic Novels)),Book,1110195,5,1586648632;1562199374;1586648756;1586648969;1562199285,2,|Books[283155]|Subjects[1000]|Science Fiction & Fantasy[25]|Fantasy[16190]|General[16199] ; |Books[283155]|Subjects[1000]|Comics & Graphic Novels[4366]|Graphic Novels[4390]|Fantasy[3825111],1,1,4.0,date:2003-1-28|user:A20TZ1MQ0KMJRR|score:4|votes:0|help:0
567,0520209672,"Spinning Fantasies: Rabbis, Gender, and History (Contraversions, 9)",Book,813164,5,0415914612;0804745536;0804737045;0671605968;0691117810,3,|Books[283155]|Subjects[1000]|History[9]|Jewish[4992]|General[4993] ; |Books[283155]|Subjects[1000]|Science Fiction & Fantasy[25]|Fantasy[16190]|History & Criticism[16203] ; |Books[283155]|Subjects[1000]|Religion & Spirituality[22]|Christianity[12290]|Theology[12449]|Feminist[172813],1,1,5.0,date:2000-1-4|user:A1ZDEQNGUZDG3Y|score:5|votes:2|help:1
640,0553290991,Nightfall (Bantam Spectra Book),Book,136193,5,0553288105;0553286285;0553587579;0553299492;0553293397,4,"|Books[283155]|Subjects[1000]|Science Fiction & Fantasy[25]|Authors, A-Z[14652]|( S )[15869]|Silverberg, Robert[15931] ; |Books[283155]|Subjects[1000]|Science Fiction & Fantasy[25]|Science Fiction[16272]|General[16282] ; |Books[283155]|Subjects[1000]|Science Fiction & Fantasy[25]|Authors, A-Z[14652]|( A )[14653]|Asimov, Isaac[14704]|General[284596] ; |Books[283155]|Subjects[1000]|Science Fiction & Fantasy[25]|Authors, A-Z[14652]|( A )[14653]|Asimov, Isaac[14704]|Paperback[285614]",64,64,4.0,date:1995-10-18|user:ATVPDKIKX0DER|score:5|votes:0|help:0 ; date:1995-12-23|user:AFEKOF1KHJ8QG|score:5|votes:0|help:0 ; date:1996-1-9|user:A2TTU4JGPS676B|score:4|votes:0|help:0 ; date:1997-1-19|user:AQ1HD0M7C9X2|score:5|votes:0|help:0 ; date:1997-1-24|user:AQ1HD0M7C9X2|score:5|votes:0|help:0 ; date:1997-8-1|user:A39QQCT8SDFN9Y|score:5|votes:0|help:0 ; date:1997-9-6|user:ATVPDKIKX0DER|score:4|votes:1|help:1 ; date:1997-11-20|user:A1ZEOM92B5WSJG|score:5|votes:0|help:0 ; date:1997-12-16|user:ATVPDKIKX0DER|score:4|votes:0|help:0 ; date:1997-12-29|user:ATVPDKIKX0DER|score:5|votes:0|help:0 ; date:1998-1-8|user:A30QNXUMY5TH8X|score:5|votes:0|help:0 ; date:1998-3-15|user:ATVPDKIKX0DER|score:4|votes:0|help:0 ; date:1998-4-26|user:AU1R3XSQ62KB3|score:5|votes:0|help:0 ; date:1998-5-30|user:A105ZLBKD2GJ9|score:5|votes:7|help:5 ; date:1998-11-23|user:A3STSZHAQ5NOTY|score:5|votes:0|help:0 ; date:1998-12-7|user:AP17RV1ON343F|score:5|votes:0|help:0 ; date:1998-12-9|user:ATVPDKIKX0DER|score:5|votes:0|help:0 ; date:1998-12-20|user:ATVPDKIKX0DER|score:3|votes:1|help:1 ; date:1998-12-20|user:ATVPDKIKX0DER|score:4|votes:1|help:0 ; date:1999-1-3|user:ATVPDKIKX0DER|score:5|votes:0|help:0 ; date:1999-2-19|user:AA0729QUQEJ8F|score:4|votes:0|help:0 ; date:1999-3-17|user:A265Y3UQPFGN7H|score:5|votes:0|help:0 ; date:1999-3-19|user:AEBMFU034H25T|score:5|votes:0|help:0 ; date:1999-3-23|user:A3TEEM4KS00VUR|score:2|votes:12|help:10 ; date:1999-6-15|user:ATVPDKIKX0DER|score:5|votes:0|help:0 ; date:1999-7-4|user:ATVPDKIKX0DER|score:4|votes:2|help:2 ; date:1999-7-7|user:ATVPDKIKX0DER|score:5|votes:1|help:1 ; date:1999-7-12|user:AYM32ZNTF4HIG|score:2|votes:1|help:0 ; date:1999-8-3|user:ATVPDKIKX0DER|score:2|votes:5|help:3 ; date:2000-2-17|user:A1Q2LVHK6L48WY|score:2|votes:3|help:1 ; date:2000-3-28|user:A27TFPC8DZS2UA|score:5|votes:0|help:0 ; date:2000-3-29|user:A16XZO7LJH6ITY|score:2|votes:1|help:0 ; date:2000-4-2|user:A2R37R3CRHFP85|score:5|votes:0|help:0 ; date:2000-4-3|user:A356NUZN858HCL|score:1|votes:3|help:2 ; date:2000-4-18|user:ACFE3IF2SPQ3T|score:3|votes:2|help:2 ; date:2000-7-5|user:A3MGDQDG2IVQZM|score:3|votes:3|help:2 ; date:2000-8-16|user:A3HM89Z3YZT8SC|score:5|votes:2|help:1 ; date:2000-11-26|user:A26U7D0N4PCTNT|score:1|votes:6|help:3 ; date:2000-11-29|user:A1VJ83RCRMEKK3|score:4|votes:2|help:1 ; date:2001-3-16|user:AKAN8836SO7LU|score:3|votes:2|help:2 ; date:2001-3-26|user:A3RESUCFZ422WO|score:4|votes:1|help:1 ; date:2001-4-3|user:A3BR4RIE8HDY1W|score:4|votes:8|help:8 ; date:2001-4-21|user:A2SU05PZZBQVHK|score:4|votes:0|help:0 ; date:2001-4-26|user:AXFPFO28Y04BW|score:5|votes:2|help:1 ; date:2001-5-6|user:A1GU2K31O583S3|score:2|votes:5|help:2 ; date:2001-6-9|user:A307LZV1TBCJJO|score:4|votes:5|help:5 ; date:2001-9-5|user:A2MV9CO7CK78Q9|score:5|votes:4|help:2 ; date:2001-11-7|user:A18T81XH3ADA9A|score:4|votes:2|help:1 ; date:2001-11-16|user:AWZPX1SDFAC7C|score:3|votes:2|help:1 ; date:2002-5-3|user:A21Z8FUB9IZI2L|score:5|votes:3|help:3 ; date:2002-5-31|user:A3PG7Z2MULB9B8|score:5|votes:0|help:0 ; date:2002-8-22|user:A1E2WQFVYF4E71|score:5|votes:4|help:4 ; date:2002-8-26|user:AEJ31WGHJ59C|score:5|votes:2|help:2 ; date:2002-10-24|user:A3TW9SLT7EHZHL|score:3|votes:2|help:1 ; date:2002-11-13|user:A3UN6WX5RRO2AG|score:5|votes:2|help:2 ; date:2002-11-26|user:A3I2MQPJ0PXRY7|score:3|votes:3|help:1 ; date:2003-11-9|user:A11YV6VC51HJTV|score:4|votes:2|help:1 ; date:2003-11-26|user:A23CNTATVOMS05|score:4|votes:1|help:1 ; date:2003-12-31|user:A3U9SHJYH59R9K|score:1|votes:3|help:1 ; date:2004-1-18|user:A2AAOW56ICBNQ4|score:5|votes:1|help:1 ; date:2004-6-14|user:A1N2PW77AC864C|score:3|votes:1|help:1 ; date:2004-7-19|user:A2KUBUC0HYZ7L5|score:5|votes:2|help:1 ; date:2004-8-1|user:A1GA5SIIT2E3LN|score:2|votes:3|help:2 ; date:2005-1-5|user:A2S7ODRWLNHUBN|score:4|votes:1|help:1
668,0670030643,The Eyre Affair (Alex Awards (Awards)),Book,152763,5,0142004030;0143034359;0670033596;1582344167;0575074019,5,|Books[283155]|Subjects[1000]|Mystery & Thrillers[18]|Thrillers[10484]|General[10485] ; |Books[283155]|Subjects[1000]|Mystery & Thrillers[18]|Thrillers[10484]|Spy Stories & Tales of Intrigue[10493] ; |Books[283155]|Subjects[1000]|Science Fiction & Fantasy[25]|Fantasy[16190]|General[16199] ; |Books[283155]|Subjects[1000]|Science Fiction & Fantasy[25]|Science Fiction[16272]|Alternate History[16275] ; |Books[283155]|Subjects[1000]|Mystery & Thrillers[18]|General[605116],236,236,4.0,date:2002-1-30|user:A3BXSWY4PUFH3F|score:5|votes:7|help:5 ; date:2002-1-30|user:A3CTJGXJ9RN7RJ|score:5|votes:15|help:13 ; date:2002-2-3|user:A1JV5CPOW4EANC|score:5|votes:5|help:5 ; date:2002-2-7|user:A2RBHJQ3Z84ANA|score:5|votes:5|help:3 ; date:2002-2-14|user:A12ITZP88QEW47|score:4|votes:10|help:8 ; date:2002-2-14|user:AJR5MJASIA5Z8|score:3|votes:3|help:1 ; date:2002-2-15|user:A31N32LC9SHPIF|score:4|votes:10|help:0 ; date:2002-2-26|user:ANBJ9SM2ZN6VV|score:1|votes:28|help:2 ; date:2002-2-27|user:A1IS9DQW7RQRCP|score:5|votes:8|help:7 ; date:2002-3-2|user:A2WMY6B3FS3JR8|score:4|votes:3|help:3 ; date:2002-3-4|user:A35JTVM6A5T2VF|score:4|votes:8|help:6 ; date:2002-3-6|user:A3HBLE9F8GEM0S|score:4|votes:1|help:1 ; date:2002-3-6|user:A3RBHPOYUI4TMC|score:4|votes:3|help:1 ; date:2002-3-12|user:A1GALZCXD8FHOR|score:3|votes:17|help:8 ; date:2002-3-16|user:A3SCP00RVJ0T39|score:5|votes:2|help:2 ; date:2002-3-23|user:AFVQZQ8PW0L|score:5|votes:8|help:2 ; date:2002-3-27|user:AFHDSIH0XOFO9|score:4|votes:30|help:26 ; date:2002-4-1|user:A1Z65BC73S316M|score:4|votes:1|help:1 ; date:2002-4-1|user:A2RXISMUWQ77MK|score:5|votes:5|help:4 ; date:2002-4-4|user:AJ58VHU2SPCML|score:4|votes:11|help:9 ; date:2002-4-8|user:AOLEN4I2TRU6A|score:4|votes:5|help:5 ; date:2002-4-8|user:AWOS24W6G0NHB|score:5|votes:0|help:0 ; date:2002-4-10|user:A35RCOG6SZW79Z|score:5|votes:2|help:1 ; date:2002-4-14|user:A1ZN2IHTVKZ1GW|score:5|votes:1|help:1 ; date:2002-4-14|user:A2ON63MUE6YO0W|score:3|votes:13|help:5 ; date:2002-4-15|user:A344R7LKUUP8GA|score:5|votes:6|help:6 ; date:2002-4-16|user:A319KYEIAZ3SON|score:5|votes:52|help:44 ; date:2002-4-19|user:A1SUCJHZQITWV9|score:1|votes:33|help:10 ; date:2002-4-21|user:A2M4R8R6SU049A|score:5|votes:2|help:2 ; date:2002-4-23|user:A1470FRRYAP3RK|score:5|votes:3|help:0 ; date:2002-4-23|user:A2DF325SNSGH2R|score:3|votes:7|help:4 ; date:2002-4-24|user:A12SN9VGRMNY8K|score:5|votes:0|help:0 ; date:2002-4-29|user:A1P5HSM15HWNWV|score:5|votes:3|help:3 ; date:2002-4-29|user:A3GNS13G88JDOU|score:5|votes:6|help:6 ; date:2002-5-2|user:A24957HBA987VN|score:5|votes:14|help:12 ; date:2002-5-7|user:A3OPZ4NQENEZEE|score:5|votes:1|help:1 ; date:2002-5-14|user:A37UENS3VQH347|score:5|votes:3|help:3 ; date:2002-5-15|user:A29JHHNZDEYST4|score:3|votes:11|help:5 ; date:2002-5-18|user:AGB0669BZTUK7|score:4|votes:3|help:3 ; date:2002-5-19|user:A3E8AHUAQEX0QH|score:3|votes:4|help:3 ; date:2002-5-28|user:A11K83SZ0W14CE|score:4|votes:2|help:1 ; date:2002-6-4|user:A2T3ER5ZDK2PEN|score:4|votes:2|help:1 ; date:2002-6-4|user:AQQ21PJ2U26TR|score:3|votes:5|help:2 ; date:2002-6-24|user:A3DE9GQDO6O6D1|score:5|votes:15|help:13 ; date:2002-6-25|user:A34K7ZRHV4WMHE|score:3|votes:68|help:50 ; date:2002-7-1|user:A1JYOLEHTOY2KV|score:5|votes:8|help:7 ; date:2002-7-2|user:ACTEAPEPGDV8G|score:4|votes:1|help:1 ; date:2002-7-9|user:A16QS13YB4F5BR|score:1|votes:19|help:7 ; date:2002-7-17|user:A31EOWPC8UA573|score:2|votes:4|help:2 ; date:2002-7-21|user:A2PFYGNY8Q4SDZ|score:5|votes:3|help:3 ; date:2002-7-30|user:A1ZOAKNUXD3RGO|score:4|votes:3|help:3 ; date:2002-8-11|user:A1KBBQZHF9RWGG|score:5|votes:3|help:2 ; date:2002-8-18|user:A4FB02JRZQ4LV|score:5|votes:3|help:3 ; date:2002-10-3|user:A2I4VH9IDJAMQ2|score:3|votes:2|help:1 ; date:2002-10-14|user:A1F5L5PT2IPOWW|score:4|votes:1|help:1 ; date:2002-10-14|user:AR47S5Q6I16ZQ|score:5|votes:0|help:0 ; date:2002-10-24|user:A3GBYFHV14WPAT|score:3|votes:8|help:4 ; date:2002-10-28|user:A1O71QV32EXU9W|score:2|votes:7|help:4 ; date:2002-11-11|user:A3PGGI7A6XCNF1|score:5|votes:1|help:0 ; date:2002-11-17|user:A2C27IQUH9N1Z|score:4|votes:2|help:2 ; date:2002-11-19|user:AWEHMZD3NN8IK|score:5|votes:2|help:2 ; date:2002-11-20|user:A2THYK8U80DTEK|score:5|votes:2|help:1 ; date:2002-11-22|user:A2RZ9O4PSL16V4|score:5|votes:0|help:0 ; date:2002-12-18|user:A3QT8LWFAFB344|score:5|votes:0|help:0 ; date:2003-1-1|user:A7E2MSRVHAAO1|score:5|votes:6|help:6 ; date:2003-1-2|user:A2TA2BI73370PD|score:1|votes:18|help:4 ; date:2003-1-3|user:A1CCA2BCLCXM4P|score:5|votes:4|help:4 ; date:2003-1-9|user:A1HS3BUBNZJJD6|score:5|votes:4|help:0 ; date:2003-1-13|user:A30P1J5TRJQ9A0|score:3|votes:1|help:1 ; date:2003-1-20|user:A3H5B0VL4SHMDW|score:1|votes:7|help:4 ; date:2003-1-21|user:A3R74PWB8GY9NS|score:2|votes:14|help:8 ; date:2003-2-26|user:A1WRNEYA06YP1Q|score:3|votes:8|help:6 ; date:2003-2-27|user:A2DHFPFLUNJY1K|score:4|votes:1|help:1 ; date:2003-2-28|user:A1D2C0WDCSHUWZ|score:5|votes:21|help:18 ; date:2003-3-2|user:A1L9TEA5LZURDC|score:4|votes:1|help:1 ; date:2003-3-8|user:A2L297063ATHSQ|score:5|votes:1|help:1 ; date:2003-3-21|user:A3RWGFFKHK0435|score:2|votes:13|help:4 ; date:2003-3-21|user:ADYZOSTF9LZLD|score:5|votes:0|help:0 ; date:2003-3-22|user:A18DCBDU4C6B3T|score:5|votes:2|help:2 ; date:2003-3-31|user:A2F3M93RRLFQNJ|score:4|votes:4|help:3 ; date:2003-4-14|user:AVQPY4RTQT93I|score:4|votes:9|help:8 ; date:2003-4-18|user:A2857IZU2FM91G|score:4|votes:1|help:1 ; date:2003-4-21|user:A3DY1ZQTR7EPLW|score:5|votes:1|help:1 ; date:2003-4-23|user:A1NF3VPMUFHRCC|score:3|votes:6|help:6 ; date:2003-4-24|user:A1T1JJ33OUKKPV|score:5|votes:0|help:0 ; date:2003-4-26|user:A15F4A1F9E5UQK|score:5|votes:0|help:0 ; date:2003-4-26|user:A1TPJMIG83W12L|score:5|votes:0|help:0 ; date:2003-4-26|user:A382MBM8Y7FBR|score:3|votes:9|help:3 ; date:2003-4-27|user:A2CE4PI1PI7TR2|score:5|votes:1|help:1 ; date:2003-4-28|user:A20UCZESTP07IE|score:5|votes:3|help:3 ; date:2003-5-4|user:A3TINKDXNBDADE|score:5|votes:1|help:0 ; date:2003-5-9|user:AIBY6QUGBVBT2|score:5|votes:3|help:3 ; date:2003-5-19|user:AVR29FLIP1Z0J|score:4|votes:1|help:0 ; date:2003-5-21|user:A3LLZBNZ30S2ZN|score:5|votes:0|help:0 ; date:2003-5-26|user:A4IEPMT792MOH|score:5|votes:0|help:0 ; date:2003-5-27|user:A1SSIDDDCCK1E|score:5|votes:1|help:1 ; date:2003-5-29|user:A10Y3OZWENAQ6W|score:3|votes:2|help:1 ; date:2003-5-29|user:A10Y3OZWENAQ6W|score:3|votes:1|help:1 ; date:2003-6-1|user:A3N74RXBP7RAB|score:4|votes:0|help:0 ; date:2003-6-3|user:A3Q80Q6YFP5W6Q|score:5|votes:8|help:8 ; date:2003-6-14|user:A8QYINCRYLLG9|score:5|votes:23|help:20 ; date:2003-6-18|user:A1DJMMJ4OQ2712|score:5|votes:2|help:2 ; date:2003-6-20|user:A1HU1MYFDGTN61|score:5|votes:2|help:2 ; date:2003-6-21|user:A4TH9PDFFVHK2|score:4|votes:16|help:14 ; date:2003-6-30|user:AD89XR3O6MKW9|score:4|votes:1|help:1 ; date:2003-7-2|user:AB89XH0Q6KCEV|score:5|votes:1|help:1 ; date:2003-7-10|user:A2JOJJBWGKK7GJ|score:5|votes:1|help:0 ; date:2003-7-10|user:AQB79HTTZPBXI|score:5|votes:2|help:2 ; date:2003-7-15|user:A4R8GJX3UZ1I|score:5|votes:1|help:1 ; date:2003-7-22|user:AMTK54YZAO411|score:4|votes:3|help:3 ; date:2003-7-29|user:A1HCQW2MQO0W2M|score:4|votes:4|help:4 ; date:2003-7-29|user:A3VWGPUMJMVD1I|score:5|votes:0|help:0 ; date:2003-7-31|user:A3A9NQU1CVDZYM|score:3|votes:3|help:1 ; date:2003-7-31|user:APHCOM80G3HYN|score:5|votes:3|help:3 ; date:2003-8-8|user:A3O6LRJ15EYVMU|score:5|votes:4|help:4 ; date:2003-8-30|user:A1PKHI3YEQCMFO|score:5|votes:0|help:0 ; date:2003-9-9|user:A28ABMYYWM8HMK|score:5|votes:0|help:0 ; date:2003-9-10|user:A1BY0Y77U919WT|score:3|votes:4|help:3 ; date:2003-9-21|user:APW2HGM7U6ZYU|score:4|votes:1|help:0 ; date:2003-10-4|user:A2H9UO8RYFX5MB|score:4|votes:3|help:3 ; date:2003-10-4|user:AI2G6ZZS0G00Y|score:2|votes:6|help:6 ; date:2003-10-16|user:ANTGGAQYPSWHF|score:5|votes:0|help:0 ; date:2003-10-22|user:A1AFPFX1UHTZD5|score:4|votes:0|help:0 ; date:2003-10-23|user:A1T17LMQABMBN5|score:5|votes:3|help:3 ; date:2003-10-28|user:ATNQJL1SF21TS|score:4|votes:3|help:3 ; date:2003-11-18|user:A92C5VO4UDJZP|score:1|votes:22|help:8 ; date:2003-11-23|user:A34HCSZJXZLPC|score:4|votes:0|help:0 ; date:2003-12-1|user:A3QVI57VT1VGRO|score:4|votes:6|help:3 ; date:2003-12-4|user:APRSLEZ257EO5|score:5|votes:3|help:2 ; date:2003-12-8|user:A3FFWJC1VDLYGK|score:5|votes:2|help:2 ; date:2003-12-9|user:A3N6NEZBLHKDPU|score:1|votes:31|help:9 ; date:2003-12-22|user:A3EB5L7QNIN3Y0|score:5|votes:2|help:2 ; date:2004-1-12|user:A3LVGV4FVZB1EF|score:5|votes:1|help:1 ; date:2004-1-15|user:A22NLO5EIVTE94|score:1|votes:9|help:2 ; date:2004-1-31|user:A2WVHS9JL4SL7C|score:5|votes:4|help:4 ; date:2004-2-7|user:A2T47C5XF9FQI7|score:3|votes:2|help:1 ; date:2004-2-9|user:A1QW5ZCVXZUGG9|score:2|votes:9|help:5 ; date:2004-2-17|user:A2G9DGP3L4JGV1|score:4|votes:1|help:1 ; date:2004-2-21|user:A2I6MHMAZZDCRX|score:4|votes:1|help:1 ; date:2004-2-22|user:A2E7DEO5406KZG|score:5|votes:3|help:3 ; date:2004-2-22|user:A39UNGGU5NTXHE|score:5|votes:3|help:2 ; date:2004-2-24|user:A2QERCGMVSM10A|score:2|votes:13|help:8 ; date:2004-2-25|user:A2BREDS7ID368P|score:5|votes:4|help:3 ; date:2004-3-5|user:A1RECBDKHVOJMW|score:4|votes:7|help:7 ; date:2004-3-8|user:A3KNJ386MRBPZC|score:5|votes:2|help:1 ; date:2004-3-10|user:A1HAMCJLTQXLKU|score:4|votes:1|help:1 ; date:2004-3-17|user:A3OZHR830G7H2U|score:2|votes:7|help:6 ; date:2004-3-19|user:ALDNAWMNBQPKH|score:5|votes:2|help:1 ; date:2004-3-22|user:A1GH4ONLG9NW5R|score:4|votes:1|help:0 ; date:2004-3-27|user:A241YRQV742UFG|score:5|votes:1|help:0 ; date:2004-3-28|user:ALDNAWMNBQPKH|score:5|votes:3|help:1 ; date:2004-3-28|user:AZAKQZGZQSJHH|score:3|votes:6|help:1 ; date:2004-4-4|user:AYF69WLAHWP0E|score:2|votes:17|help:6 ; date:2004-4-9|user:A24S0NY3FXNPOE|score:5|votes:3|help:2 ; date:2004-4-12|user:A2CR57GAJKNWVV|score:5|votes:4|help:3 ; date:2004-4-13|user:AVGGEAI1YGSAP|score:5|votes:3|help:2 ; date:2004-4-15|user:AZ4I8NOFX04XD|score:4|votes:7|help:7 ; date:2004-4-17|user:AJDYDG7YZY9QL|score:4|votes:7|help:5 ; date:2004-4-18|user:A3E1N2J6DHGXL4|score:4|votes:4|help:3 ; date:2004-4-23|user:AXQ8T2D9IT6UG|score:5|votes:7|help:6 ; date:2004-4-26|user:A1REUA9M4N6JXW|score:5|votes:1|help:0 ; date:2004-4-27|user:A3VYTIHGPBYLLM|score:4|votes:1|help:1 ; date:2004-5-1|user:A404TDQ3CDAIN|score:5|votes:1|help:0 ; date:2004-5-7|user:AGGUASWCOXKU3|score:1|votes:17|help:9 ; date:2004-5-12|user:A3F3B6HY9RJI04|score:2|votes:11|help:8 ; date:2004-5-16|user:AP8KDKQDDXPB1|score:5|votes:2|help:1 ; date:2004-5-18|user:A2VMOBY7OG70AO|score:4|votes:2|help:1 ; date:2004-5-19|user:A1F547KGE9O1TV|score:5|votes:1|help:0 ; date:2004-5-24|user:A1K1JW1C5CUSUZ|score:5|votes:2|help:0 ; date:2004-5-26|user:A2BRF1BHGRWBDB|score:5|votes:1|help:0 ; date:2004-5-26|user:A3L176F1EMHUDV|score:5|votes:1|help:0 ; date:2004-5-29|user:AYWE3ISNSV28O|score:5|votes:0|help:0 ; date:2004-6-1|user:A3MSGBIPM8E99N|score:5|votes:3|help:3 ; date:2004-6-2|user:A1FEVXGN1O50T1|score:5|votes:0|help:0 ; date:2004-6-10|user:AA3YR5Q1K4KLC|score:4|votes:0|help:0 ; date:2004-6-17|user:A191VONM0RHHHR|score:1|votes:15|help:8 ; date:2004-6-25|user:A1HU1MYFDGTN61|score:5|votes:1|help:0 ; date:2004-6-28|user:A3ATTCCO32ZXET|score:5|votes:4|help:3 ; date:2004-7-12|user:A1XSQJPQS9GQWT|score:2|votes:17|help:5 ; date:2004-7-12|user:AFM80MO2JR93I|score:5|votes:4|help:3 ; date:2004-7-26|user:A101X5KFOHP7TC|score:5|votes:5|help:4 ; date:2004-8-3|user:A1IMNNBC4ME0NB|score:4|votes:3|help:3 ; date:2004-8-5|user:A1W98PJIXB42ZN|score:5|votes:5|help:4 ; date:2004-8-7|user:A198IRNLDOZZ22|score:5|votes:4|help:3 ; date:2004-8-11|user:A215UJSUAL8YIP|score:5|votes:4|help:1 ; date:2004-8-17|user:A3CAPVLVYRI3XH|score:4|votes:1|help:1 ; date:2004-8-19|user:A37PV5GMP2ILJC|score:4|votes:7|help:7 ; date:2004-8-31|user:A2CFPGZXPF8PYV|score:5|votes:5|help:3 ; date:2004-9-8|user:A15VYY4O4JP6YF|score:3|votes:3|help:1 ; date:2004-9-14|user:A3AVJCB1ZD6ZY5|score:4|votes:3|help:2 ; date:2004-9-15|user:A37Z4OL4M2ZHUT|score:5|votes:4|help:3 ; date:2004-9-17|user:A228VC5JY3N5R7|score:5|votes:3|help:2 ; date:2004-9-18|user:A2ATWKOFJXRRR1|score:4|votes:8|help:8 ; date:2004-10-3|user:ABWIHGLQ3F6B6|score:5|votes:3|help:2 ; date:2004-10-10|user:A1GNM2QWG41ERO|score:4|votes:1|help:1 ; date:2004-10-10|user:A390AJEEUL3SU4|score:5|votes:2|help:1 ; date:2004-10-10|user:AMIGVTZZIWS6I|score:4|votes:2|help:2 ; date:2004-10-12|user:A2IVCG4IILTY6O|score:4|votes:2|help:2 ; date:2004-10-12|user:A80VFQQ3ZP949|score:3|votes:1|help:1 ; date:2004-10-14|user:A3VAN6B3ZQU4OZ|score:5|votes:4|help:4 ; date:2004-10-16|user:A280AE65KKPUVM|score:5|votes:2|help:1 ; date:2004-10-16|user:A2UVOC8QSP7I2F|score:5|votes:3|help:3 ; date:2004-10-25|user:A2KV3FXCVR5ETM|score:5|votes:4|help:3 ; date:2004-10-27|user:A2629A6NJKEO95|score:1|votes:10|help:5 ; date:2004-10-31|user:A1YZ6MKRC7EL8W|score:5|votes:4|help:3 ; date:2004-11-8|user:AK7D1BHZOSOL1|score:4|votes:2|help:1 ; date:2004-11-23|user:A1Q5Y3YINKEAR4|score:5|votes:2|help:1 ; date:2004-11-28|user:A27XA1U38GP4HK|score:4|votes:3|help:2 ; date:2004-12-7|user:A21QN5NFWQ10ND|score:4|votes:3|help:3 ; date:2004-12-11|user:A1Y87E22UVYCE6|score:5|votes:5|help:4 ; date:2004-12-13|user:A2JAAD63CDZB2F|score:5|votes:3|help:2 ; date:2004-12-21|user:A11Z56ABDO5NKW|score:4|votes:7|help:2 ; date:2004-12-27|user:A3AQ9WCBCL3RE8|score:5|votes:7|help:6 ; date:2005-1-11|user:A3UIECUHD6CEQQ|score:5|votes:4|help:2 ; date:2005-1-13|user:A148JOLPDM1GS4|score:5|votes:3|help:2 ; date:2005-1-19|user:AK76DPVXN4PGU|score:1|votes:12|help:3 ; date:2005-1-27|user:A6XR47X5ZYCQN|score:5|votes:3|help:2 ; date:2005-2-1|user:A32LQNUKCQBL8W|score:4|votes:6|help:5 ; date:2005-2-1|user:AJR6PZUH7XRDV|score:5|votes:3|help:0 ; date:2005-2-1|user:AOGE8PM6KED3O|score:4|votes:5|help:4 ; date:2005-2-4|user:A24TRBMRI0N53D|score:4|votes:3|help:2 ; date:2005-2-14|user:A3G3BJRQXRN16Q|score:1|votes:11|help:5 ; date:2005-2-23|user:AOBMLNNXVKU0T|score:5|votes:4|help:1 ; date:2005-2-25|user:A1CDZM5YMB61PD|score:5|votes:15|help:12 ; date:2005-2-26|user:A2CZY3CEV23C62|score:2|votes:10|help:2 ; date:2005-3-16|user:A2D80K7I9K26I2|score:4|votes:3|help:2 ; date:2005-4-3|user:A5WT0UR1B1P1D|score:5|votes:4|help:2 ; date:2005-4-3|user:ANEDXRFDZDL18|score:1|votes:8|help:3 ; date:2005-4-4|user:A23EFUYK7WHYL|score:4|votes:2|help:0 ; date:2005-4-5|user:A3PJQVQ15L64IV|score:4|votes:3|help:1 ; date:2005-4-21|user:A239USJN83FX0D|score:4|votes:1|help:1 ; date:2005-4-23|user:A3NPI9SD25VQRP|score:5|votes:1|help:0 ; date:2005-4-26|user:AF05XE1QFL9W4|score:4|votes:8|help:2 ; date:2005-5-4|user:A28U7ZXC7ZS367|score:3|votes:3|help:1 ; date:2005-5-11|user:A249V9PP3MDDGE|score:5|votes:2|help:1 ; date:2005-6-22|user:A170QV8HVJ3CMT|score:5|votes:0|help:0
688,1590073991,"Path of Daggers (The Wheel of Time, 8)",Book,569310,5,0812550307;0812513738;0812513711;0812517725;0812511816,9,"|Books[283155]|Subjects[1000]|Literature & Fiction[17]|Short Stories[10300]|General[10307] ; |Books[283155]|Subjects[1000]|Science Fiction & Fantasy[25]|Fantasy[16190]|General[16199] ; |Books[283155]|Formats[504358]|Books on CD[69724]|Literature & Fiction[1038382]|General[69728] ; |Books[283155]|Subjects[1000]|Science Fiction & Fantasy[25]|Authors, A-Z[14652]|( J )[15395]|Jordan, Robert[15425]|General[284610] ; |Books[283155]|Formats[504358]|Books on CD[69724]|Authors, A-Z[287147]|( J )[287157]|Jordan, Robert[287381] ; |Books[283155]|Subjects[1000]|Science Fiction & Fantasy[25]|Fantasy[16190]|Series[16209]|Wheel of Time[408712] ; |Books[283155]|Formats[504358]|Books on CD[69724]|Science Fiction & Fantasy[1038330]|Fantasy[1038332] ; |Books[283155]|Formats[504358]|Books on CD[69724]|Literature & Fiction[1038382]|Short Stories[1038392] ; |Books[283155]|Formats[504358]|Books on CD[69724]|Literature & Fiction[1038382]|Unabridged[1038396]",1688,1688,3.0,date:1998-8-28|user:ATVPDKIKX0DER|score:5|votes:0|help:0 ; date:1998-9-14|user:ATVPDKIKX0DER|score:5|votes:1|help:0 ; date:1998-10-12|user:ATVPDKIKX0DER|score:4|votes:0|help:0 ; date:1998-10-14|user:ATVPDKIKX0DER|score:5|votes:1|help:0 ; date:1998-10-19|user:ATVPDKIKX0DER|score:3|votes:0|help:0 ; date:1998-10-19|user:ATVPDKIKX0DER|score:3|votes:1|help:1 ; date:1998-10-19|user:ATVPDKIKX0DER|score:4|votes:0|help:0 ; date:1998-10-19|user:ATVPDKIKX0DER|score:5|votes:1|help:0 ; date:1998-10-20|user:A1Z84DPP7E2GPB|score:4|votes:0|help:0 ; date:1998-10-20|user:AH4Z99NYB4S6A|score:2|votes:1|help:1 ; date:1998-10-20|user:AT9OPO0BB5IRH|score:5|votes:1|help:0 ; date:1998-10-20|user:ATVPDKIKX0DER|score:4|votes:0|help:0 ; date:1998-10-20|user:ATVPDKIKX0DER|score:5|votes:0|help:0 ; date:1998-10-20|user:ATVPDKIKX0DER|score:5|votes:2|help:0 ; date:1998-10-20|user:ATVPDKIKX0DER|score:5|votes:0|help:0 ; date:1998-10-20|user:ATVPDKIKX0DER|score:5|votes:0|help:0 ; date:1998-10-21|user:A17ENO7QOMXBOV|score:1|votes:0|help:0 ; date:1998-10-21|user:A191UEZEBW40LR|score:3|votes:0|help:0 ; date:1998-10-21|user:A1AVQCBFOZCY28|score:4|votes:0|help:0 ; date:1998-10-21|user:A1HHEIGIUQFE7V|score:2|votes:0|help:0 ; date:1998-10-21|user:A1IYB7KN0TI8KF|score:5|votes:0|help:0 ; date:1998-10-21|user:A31C2DTH30KSSS|score:3|votes:0|help:0 ; date:1998-10-21|user:A31C2DTH30KSSS|score:4|votes:0|help:0 ; date:1998-10-21|user:A32I9G91F2HEBL|score:2|votes:0|help:0 ; date:1998-10-21|user:A3JTDKB9ILNG34|score:1|votes:0|help:0 ; date:1998-10-21|user:ACTXVE4U3F3QW|score:3|votes:0|help:0 ; date:1998-10-21|user:AQV7RG11UXX02|score:1|votes:0|help:0 ; date:1998-10-21|user:ATC5LMNJGJ0OL|score:1|votes:0|help:0 ; date:1998-10-21|user:ATVPDKIKX0DER|score:1|votes:0|help:0 ; date:1998-10-21|user:ATVPDKIKX0DER|score:2|votes:0|help:0 ; date:1998-10-21|user:ATVPDKIKX0DER|score:2|votes:1|help:1 ; date:1998-10-21|user:ATVPDKIKX0DER|score:2|votes:0|help:0 ; date:1998-10-21|user:ATVPDKIKX0DER|score:3|votes:0|help:0 ; date:1998-10-21|user:ATVPDKIKX0DER|score:3|votes:0|help:0 ; date:1998-10-21|user:ATVPDKIKX0DER|score:4|votes:0|help:0 ; date:1998-10-21|user:ATVPDKIKX0DER|score:5|votes:0|help:0 ; date:1998-10-21|user:ATVPDKIKX0DER|score:5|votes:1|help:0 ; date:1998-10-21|user:AX05U8IVL2HS6|score:5|votes:0|help:0 ; date:1998-10-22|user:A219FO73Q31IV5|score:4|votes:0|help:0 ; date:1998-10-22|user:A2YJKJ8XSF9AB0|score:3|votes:0|help:0 ; date:1998-10-22|user:A3V72LMPR9CK5Y|score:5|votes:0|help:0 ; date:1998-10-22|user:APO8PPOHN86OA|score:3|votes:0|help:0 ; date:1998-10-22|user:ATQE1R1RRNOLY|score:5|votes:0|help:0 ; date:1998-10-22|user:ATVPDKIKX0DER|score:2|votes:0|help:0 ; date:1998-10-22|user:ATVPDKIKX0DER|score:2|votes:0|help:0 ; date:1998-10-22|user:ATVPDKIKX0DER|score:2|votes:0|help:0 ; date:1998-10-22|user:ATVPDKIKX0DER|score:3|votes:3|help:3 ; date:1998-10-22|user:ATVPDKIKX0DER|score:3|votes:0|help:0 ; date:1998-10-22|user:ATVPDKIKX0DER|score:5|votes:0|help:0 ; date:1998-10-22|user:ATVPDKIKX0DER|score:5|votes:0|help:0 ; date:1998-10-22|user:ATVPDKIKX0DER|score:5|votes:0|help:0 ; date:1998-10-22|user:ATVPDKIKX0DER|score:5|votes:0|help:0 ; date:1998-10-22|user:AU6O426HHDCYA|score:4|votes:0|help:0 ; date:1998-10-23|user:A22FFOKM6AM8QI|score:3|votes:0|help:0 ; date:1998-10-23|user:A2RNFUE4O2A5H6|score:2|votes:0|help:0 ; date:1998-10-23|user:A3JR4NJJZI8URL|score:2|votes:0|help:0 ; date:1998-10-23|user:AA9TLYR1VK6H8|score:4|votes:1|help:1 ; date:1998-10-23|user:ATVPDKIKX0DER|score:2|votes:0|help:0 ; date:1998-10-23|user:ATVPDKIKX0DER|score:3|votes:0|help:0 ; date:1998-10-23|user:ATVPDKIKX0DER|score:3|votes:0|help:0 ; date:1998-10-23|user:ATVPDKIKX0DER|score:3|votes:0|help:0 ; date:1998-10-23|user:ATVPDKIKX0DER|score:3|votes:0|help:0 ; date:1998-10-23|user:ATVPDKIKX0DER|score:3|votes:0|help:0 ; date:1998-10-23|user:ATVPDKIKX0DER|score:4|votes:0|help:0 ; date:1998-10-23|user:ATVPDKIKX0DER|score:5|votes:1|help:0 ; date:1998-10-24|user:A18WVYMSXMSH7O|score:3|votes:0|help:0 ; date:1998-10-24|user:A1WRHOTYB2ORTO|score:4|votes:0|help:0 ; date:1998-10-24|user:A28LOJPUP9J2MD|score:4|votes:0|help:0 ; date:1998-10-24|user:A2B0XO8BTPRX7R|score:3|votes:0|help:0 ; date:1998-10-24|user:A2FUT17SZBYQ3A|score:3|votes:0|help:0 ; date:1998-10-24|user:AO6TI7AETR5GB|score:4|votes:0|help:0 ; date:1998-10-24|user:ATVPDKIKX0DER|score:1|votes:0|help:0 ; date:1998-10-24|user:ATVPDKIKX0DER|score:2|votes:0|help:0 ; date:1998-10-24|user:ATVPDKIKX0DER|score:2|votes:0|help:0 ; date:1998-10-24|user:ATVPDKIKX0DER|score:2|votes:0|help:0 ; date:1998-10-24|user:ATVPDKIKX0DER|score:3|votes:0|help:0 ; date:1998-10-24|user:ATVPDKIKX0DER|score:4|votes:0|help:0 ; date:1998-10-24|user:AXVT6UAYQI92Q|score:3|votes:0|help:0 ; date:1998-10-25|user:A111783H6NCOF1|score:1|votes:0|help:0 ; date:1998-10-25|user:A1H0GPD6K6FDQB|score:3|votes:0|help:0 ; date:1998-10-25|user:A1NBHL9P78OHRW|score:3|votes:0|help:0 ; date:1998-10-25|user:A1PZEGDSSIPZZY|score:3|votes:0|help:0 ; date:1998-10-25|user:A1Q3P5W409XK8I|score:5|votes:0|help:0 ; date:1998-10-25|user:A1R3GY40401G2M|score:5|votes:0|help:0 ; date:1998-10-25|user:A1U2C7A007SHLG|score:3|votes:0|help:0 ; date:1998-10-25|user:A28ICOYS76TN0V|score:3|votes:0|help:0 ; date:1998-10-25|user:A2BAL6WNLWZC62|score:3|votes:0|help:0 ; date:1998-10-25|user:A2KBIJLZERCVKT|score:2|votes:0|help:0 ; date:1998-10-25|user:A2Q8DKBZ6WQQ3C|score:1|votes:0|help:0 ; date:1998-10-25|user:A39G9E7KJEYJ0L|score:2|votes:0|help:0 ; date:1998-10-25|user:A3IVYZNMVT8QEZ|score:3|votes:0|help:0 ; date:1998-10-25|user:A3QHCQZI1HC8N5|score:4|votes:0|help:0 ; date:1998-10-25|user:A5ZC5IRNX323P|score:5|votes:0|help:0 ; date:1998-10-25|user:ATVPDKIKX0DER|score:1|votes:1|help:1 ; date:1998-10-25|user:ATVPDKIKX0DER|score:1|votes:0|help:0 ; date:1998-10-25|user:ATVPDKIKX0DER|score:2|votes:0|help:0 ; date:1998-10-25|user:ATVPDKIKX0DER|score:2|votes:0|help:0 ; date:1998-10-25|user:ATVPDKIKX0DER|score:2|votes:0|help:0 ; date:1998-10-25|user:ATVPDKIKX0DER|score:3|votes:0|help:0 ; date:1998-10-25|user:ATVPDKIKX0DER|score:3|votes:0|help:0 ; date:1998-10-25|user:ATVPDKIKX0DER|score:4|votes:0|help:0 ; date:1998-10-25|user:ATVPDKIKX0DER|score:4|votes:0|help:0 ; date:1998-10-25|user:ATVPDKIKX0DER|score:4|votes:0|help:0 ; date:1998-10-25|user:ATVPDKIKX0DER|score:5|votes:0|help:0 ; date:1998-10-25|user:ATVPDKIKX0DER|score:5|votes:0|help:0 ; date:1998-10-26|user:A16NNA729RIESL|score:4|votes:0|help:0 ; date:1998-10-26|user:A1QWCWM82LQD5E|score:4|votes:0|help:0 ; date:1998-10-26|user:A2F39YEZ8M5UPH|score:4|votes:0|help:0 ; date:1998-10-26|user:A2L76C5NYVI7N7|score:5|votes:0|help:0 ; date:1998-10-26|user:A2OV7B7W6LR9H|score:4|votes:0|help:0 ; date:1998-10-26|user:A2P5BK20WUITQZ|score:1|votes:0|help:0 ; date:1998-10-26|user:A2W5RFKI5OX89Q|score:2|votes:0|help:0 ; date:1998-10-26|user:A2YPBYZBQQG8ZB|score:5|votes:1|help:0 ; date:1998-10-26|user:A31CERYPWK0V3B|score:5|votes:0|help:0 ; date:1998-10-26|user:A3221264KUNN14|score:3|votes:0|help:0 ; date:1998-10-26|user:A3D10TUU01ZR40|score:1|votes:0|help:0 ; date:1998-10-26|user:A3HZFXJ88UG724|score:2|votes:0|help:0 ; date:1998-10-26|user:A3Q084C0KPIOZE|score:3|votes:1|help:1 ; date:1998-10-26|user:AKV82HICET8WT|score:3|votes:0|help:0 ; date:1998-10-26|user:ATVPDKIKX0DER|score:1|votes:0|help:0 ; date:1998-10-26|user:ATVPDKIKX0DER|score:1|votes:0|help:0 ; date:1998-10-26|user:ATVPDKIKX0DER|score:1|votes:0|help:0 ; date:1998-10-26|user:ATVPDKIKX0DER|score:2|votes:0|help:0 ; date:1998-10-26|user:ATVPDKIKX0DER|score:2|votes:0|help:0 ; date:1998-10-26|user:ATVPDKIKX0DER|score:3|votes:0|help:0 ; date:1998-10-26|user:ATVPDKIKX0DER|score:3|votes:0|help:0 ; date:1998-10-26|user:ATVPDKIKX0DER|score:3|votes:0|help:0 ; date:1998-10-26|user:ATVPDKIKX0DER|score:4|votes:0|help:0 ; date:1998-10-26|user:ATVPDKIKX0DER|score:5|votes:1|help:0 ; date:1998-10-26|user:ATVPDKIKX0DER|score:5|votes:1|help:0 ; date:1998-10-27|user:A1I7CY6UXPGI82|score:2|votes:0|help:0 ; date:1998-10-27|user:A1NTDOWB4TQO2C|score:2|votes:0|help:0 ; date:1998-10-27|user:A1Z83TFRROEEKI|score:3|votes:0|help:0 ; date:1998-10-27|user:A27Y9F6IE1C4YR|score:4|votes:0|help:0 ; date:1998-10-27|user:A2BDUF1DOZLGHJ|score:5|votes:1|help:0 ; date:1998-10-27|user:A2CM1NJ37Q8Q7D|score:4|votes:0|help:0 ; date:1998-10-27|user:A2PBHG33EDAFQO|score:4|votes:2|help:1 ; date:1998-10-27|user:AFWXJOXO8N5ZP|score:1|votes:0|help:0 ; date:1998-10-27|user:ATVPDKIKX0DER|score:1|votes:0|help:0 ; date:1998-10-27|user:ATVPDKIKX0DER|score:1|votes:0|help:0 ; date:1998-10-27|user:ATVPDKIKX0DER|score:1|votes:0|help:0 ; date:1998-10-27|user:ATVPDKIKX0DER|score:2|votes:0|help:0 ; date:1998-10-27|user:ATVPDKIKX0DER|score:2|votes:0|help:0 ; date:1998-10-27|user:ATVPDKIKX0DER|score:2|votes:0|help:0 ; date:1998-10-27|user:ATVPDKIKX0DER|score:2|votes:3|help:3 ; date:1998-10-27|user:ATVPDKIKX0DER|score:2|votes:0|help:0 ; date:1998-10-27|user:ATVPDKIKX0DER|score:3|votes:0|help:0 ; date:1998-10-27|user:ATVPDKIKX0DER|score:4|votes:0|help:0 ; date:1998-10-27|user:ATVPDKIKX0DER|score:5|votes:1|help:0 ; date:1998-10-27|user:ATVPDKIKX0DER|score:5|votes:0|help:0 ; date:1998-10-27|user:ATVPDKIKX0DER|score:5|votes:1|help:0 ; date:1998-10-27|user:AZB8T407YSB5X|score:3|votes:0|help:0 ; date:1998-10-27|user:AZIJ4A3CYDNRT|score:1|votes:0|help:0 ; date:1998-10-28|user:A1EDOWER7RO6KZ|score:1|votes:0|help:0 ; date:1998-10-28|user:A1QZ7JX1JV2J6B|score:1|votes:0|help:0 ; date:1998-10-28|user:A3CRSSUMPF433|score:3|votes:0|help:0 ; date:1998-10-28|user:A3HEK4ZWBJYUXJ|score:3|votes:0|help:0 ; date:1998-10-28|user:ATVPDKIKX0DER|score:1|votes:0|help:0 ; date:1998-10-28|user:ATVPDKIKX0DER|score:1|votes:0|help:0 ; date:1998-10-28|user:ATVPDKIKX0DER|score:2|votes:0|help:0 ; date:1998-10-28|user:ATVPDKIKX0DER|score:2|votes:0|help:0 ; date:1998-10-28|user:ATVPDKIKX0DER|score:3|votes:0|help:0 ; date:1998-10-28|user:ATVPDKIKX0DER|score:3|votes:0|help:0 ; date:1998-10-28|user:ATVPDKIKX0DER|score:3|votes:1|help:1 ; date:1998-10-28|user:ATVPDKIKX0DER|score:4|votes:0|help:0 ; date:1998-10-28|user:ATVPDKIKX0DER|score:4|votes:0|help:0 ; date:1998-10-28|user:AVNXVJFHMX9PN|score:1|votes:0|help:0 ; date:1998-10-28|user:AZ483H90FZJBN|score:1|votes:0|help:0 ; date:1998-10-29|user:A17VA1CC10OLIH|score:3|votes:0|help:0 ; date:1998-10-29|user:A246ZSTX3LKL6C|score:2|votes:0|help:0 ; date:1998-10-29|user:A24R6WL5WQFPDO|score:3|votes:0|help:0 ; date:1998-10-29|user:A2U59BKE80RY4|score:3|votes:0|help:0 ; date:1998-10-29|user:A3H8U47T3YQM4U|score:2|votes:0|help:0 ; date:1998-10-29|user:A4FHIAS7I5B0I|score:3|votes:0|help:0 ; date:1998-10-29|user:ATVPDKIKX0DER|score:2|votes:0|help:0 ; date:1998-10-29|user:ATVPDKIKX0DER|score:2|votes:0|help:0 ; date:1998-10-29|user:ATVPDKIKX0DER|score:2|votes:0|help:0 ; date:1998-10-29|user:ATVPDKIKX0DER|score:3|votes:0|help:0 ; date:1998-10-29|user:ATVPDKIKX0DER|score:4|votes:0|help:0 ; date:1998-10-29|user:ATVPDKIKX0DER|score:5|votes:0|help:0 ; date:1998-10-30|user:A5T92KEDB71K3|score:3|votes:0|help:0 ; date:1998-10-30|user:ATVPDKIKX0DER|score:4|votes:0|help:0 ; date:1998-10-30|user:ATVPDKIKX0DER|score:5|votes:1|help:0 ; date:1998-10-30|user:ATVPDKIKX0DER|score:5|votes:0|help:0 ; date:1998-10-31|user:A1RIDUHGET4YE1|score:3|votes:0|help:0 ; date:1998-10-31|user:A25080POCQMNA3|score:2|votes:0|help:0 ; date:1998-10-31|user:A3V4QE3PBZSG8A|score:5|votes:0|help:0 ; date:1998-10-31|user:ATVPDKIKX0DER|score:2|votes:0|help:0 ; date:1998-10-31|user:ATVPDKIKX0DER|score:2|votes:0|help:0 ; date:1998-10-31|user:ATVPDKIKX0DER|score:3|votes:0|help:0 ; date:1998-10-31|user:ATVPDKIKX0DER|score:3|votes:0|help:0 ; date:1998-10-31|user:ATVPDKIKX0DER|score:4|votes:0|help:0 ; date:1998-10-31|user:ATVPDKIKX0DER|score:4|votes:0|help:0 ; date:1998-10-31|user:ATVPDKIKX0DER|score:5|votes:0|help:0 ; date:1998-11-1|user:A196O7FMN36DAG|score:4|votes:0|help:0 ; date:1998-11-1|user:A1FOQPABXMF97B|score:3|votes:0|help:0 ; date:1998-11-1|user:A1GNKF948E0GII|score:1|votes:0|help:0 ; date:1998-11-1|user:A2C28FKWKETVMV|score:5|votes:0|help:0 ; date:1998-11-1|user:A5V5CEQIPT1XO|score:1|votes:0|help:0 ; date:1998-11-1|user:AA4A1RM8N0ZR4|score:5|votes:0|help:0 ; date:1998-11-1|user:ATVPDKIKX0DER|score:1|votes:0|help:0 ; date:1998-11-1|user:ATVPDKIKX0DER|score:4|votes:0|help:0 ; date:1998-11-1|user:ATVPDKIKX0DER|score:5|votes:0|help:0 ; date:1998-11-1|user:AWQXWHWZ9RUCJ|score:4|votes:0|help:0 ; date:1998-11-2|user:A14KEA8W43XLL8|score:4|votes:0|help:0 ; date:1998-11-2|user:A1725NCJGZVIN9|score:2|votes:0|help:0 ; date:1998-11-2|user:A18QXZN00UUHBD|score:4|votes:0|help:0 ; date:1998-11-2|user:A3MYXIDXVU6HNB|score:3|votes:0|help:0 ; date:1998-11-2|user:A9QB16EUMXDKY|score:1|votes:0|help:0 ; date:1998-11-2|user:ATVPDKIKX0DER|score:1|votes:0|help:0 ; date:1998-11-2|user:ATVPDKIKX0DER|score:1|votes:0|help:0 ; date:1998-11-2|user:ATVPDKIKX0DER|score:1|votes:0|help:0 ; date:1998-11-2|user:ATVPDKIKX0DER|score:3|votes:0|help:0 ; date:1998-11-2|user:ATVPDKIKX0DER|score:5|votes:1|help:0 ; date:1998-11-2|user:ATVPDKIKX0DER|score:5|votes:0|help:0 ; date:1998-11-3|user:A14UXTP6YV0K74|score:2|votes:0|help:0 ; date:1998-11-3|user:A1FHGZ7WB133ZG|score:5|votes:1|help:0 ; date:1998-11-3|user:A1FQSZX7PB27K3|score:2|votes:0|help:0 ; date:1998-11-3|user:A1UUH6EXRB2268|score:3|votes:0|help:0 ; date:1998-11-3|user:A29S0RM7SR7JQ6|score:1|votes:0|help:0 ; date:1998-11-3|user:A31W8SRNC9YI04|score:1|votes:0|help:0 ; date:1998-11-3|user:A3QBG1AH07PC9L|score:1|votes:0|help:0 ; date:1998-11-3|user:ABSMN4K1O2FXM|score:5|votes:0|help:0 ; date:1998-11-3|user:ATVPDKIKX0DER|score:1|votes:0|help:0 ; date:1998-11-3|user:ATVPDKIKX0DER|score:1|votes:0|help:0 ; date:1998-11-3|user:ATVPDKIKX0DER|score:1|votes:0|help:0 ; date:1998-11-3|user:ATVPDKIKX0DER|score:2|votes:0|help:0 ; date:1998-11-3|user:ATVPDKIKX0DER|score:2|votes:0|help:0 ; date:1998-11-3|user:ATVPDKIKX0DER|score:3|votes:0|help:0 ; date:1998-11-3|user:ATVPDKIKX0DER|score:3|votes:0|help:0 ; date:1998-11-3|user:ATVPDKIKX0DER|score:3|votes:0|help:0 ; date:1998-11-3|user:ATVPDKIKX0DER|score:4|votes:0|help:0 ; date:1998-11-3|user:ATVPDKIKX0DER|score:4|votes:0|help:0 ; date:1998-11-4|user:A10FGPI3QMMHBH|score:3|votes:0|help:0 ; date:1998-11-4|user:A1OQ7PCMN3U62W|score:1|votes:0|help:0 ; date:1998-11-4|user:A1PUT9UGS96W9N|score:3|votes:0|help:0 ; date:1998-11-4|user:A1Z5UP0R9BSBSG|score:2|votes:0|help:0 ; date:1998-11-4|user:A20H96A10DH2EQ|score:4|votes:0|help:0 ; date:1998-11-4|user:A3MI22CDRONYFC|score:1|votes:0|help:0 ; date:1998-11-4|user:APO8PPOHN86OA|score:2|votes:2|help:2 ; date:1998-11-4|user:ATVPDKIKX0DER|score:1|votes:0|help:0 ; date:1998-11-4|user:ATVPDKIKX0DER|score:1|votes:0|help:0 ; date:1998-11-4|user:ATVPDKIKX0DER|score:2|votes:0|help:0 ; date:1998-11-4|user:ATVPDKIKX0DER|score:3|votes:0|help:0 ; date:1998-11-4|user:ATVPDKIKX0DER|score:4|votes:0|help:0 ; date:1998-11-4|user:ATVPDKIKX0DER|score:5|votes:0|help:0 ; date:1998-11-4|user:ATVPDKIKX0DER|score:5|votes:0|help:0 ; date:1998-11-5|user:A1ACCFH94P6Z7O|score:4|votes:0|help:0 ; date:1998-11-5|user:A1M9AMKWAMSZ98|score:1|votes:0|help:0 ; date:1998-11-5|user:A2HXSUXGWZ5DH6|score:3|votes:0|help:0 ; date:1998-11-5|user:ATVPDKIKX0DER|score:1|votes:0|help:0 ; date:1998-11-5|user:ATVPDKIKX0DER|score:3|votes:0|help:0 ; date:1998-11-5|user:ATVPDKIKX0DER|score:4|votes:0|help:0 ; date:1998-11-5|user:ATVPDKIKX0DER|score:5|votes:0|help:0 ; date:1998-11-5|user:ATYT06NIF859M|score:1|votes:0|help:0 ; date:1998-11-6|user:A3M3K3MKQ54QHY|score:3|votes:0|help:0 ; date:1998-11-6|user:ATVPDKIKX0DER|score:2|votes:0|help:0 ; date:1998-11-6|user:ATVPDKIKX0DER|score:4|votes:0|help:0 ; date:1998-11-6|user:ATVPDKIKX0DER|score:5|votes:0|help:0 ; date:1998-11-7|user:A34Q3MF9GISSNN|score:3|votes:0|help:0 ; date:1998-11-7|user:ATVPDKIKX0DER|score:4|votes:0|help:0 ; date:1998-11-8|user:A1HS3TRECSROPV|score:3|votes:0|help:0 ; date:1998-11-8|user:A1L30H48YFIF3Z|score:4|votes:0|help:0 ; date:1998-11-8|user:A1MEP5IR1F7EZQ|score:4|votes:0|help:0 ; date:1998-11-8|user:A27975F14ZTAAV|score:5|votes:0|help:0 ; date:1998-11-8|user:A3BR1M56FPT6J9|score:5|votes:1|help:0 ; date:1998-11-8|user:A3BSRHMCAW4X3D|score:3|votes:0|help:0 ; date:1998-11-8|user:AA6IDIZ3DMG6B|score:2|votes:0|help:0 ; date:1998-11-8|user:ATVPDKIKX0DER|score:1|votes:1|help:1 ; date:1998-11-8|user:ATVPDKIKX0DER|score:1|votes:0|help:0 ; date:1998-11-8|user:ATVPDKIKX0DER|score:2|votes:0|help:0 ; date:1998-11-8|user:ATVPDKIKX0DER|score:2|votes:0|help:0 ; date:1998-11-8|user:ATVPDKIKX0DER|score:3|votes:0|help:0 ; date:1998-11-8|user:ATVPDKIKX0DER|score:3|votes:0|help:0 ; date:1998-11-8|user:ATVPDKIKX0DER|score:5|votes:0|help:0 ; date:1998-11-9|user:A18Z55X70TOPRA|score:4|votes:0|help:0 ; date:1998-11-9|user:A2GKKXR1N8K1RG|score:3|votes:1|help:1 ; date:1998-11-9|user:A2S0GBJUDEA5HV|score:2|votes:0|help:0 ; date:1998-11-9|user:A2TUN7XA82OZA8|score:3|votes:0|help:0 ; date:1998-11-9|user:AAVHSNGJF9U38|score:3|votes:2|help:2 ; date:1998-11-9|user:ATVPDKIKX0DER|score:1|votes:0|help:0 ; date:1998-11-9|user:ATVPDKIKX0DER|score:2|votes:0|help:0 ; date:1998-11-9|user:ATVPDKIKX0DER|score:3|votes:0|help:0 ; date:1998-11-9|user:ATVPDKIKX0DER|score:3|votes:0|help:0 ; date:1998-11-9|user:ATVPDKIKX0DER|score:4|votes:0|help:0 ; date:1998-11-9|user:ATVPDKIKX0DER|score:4|votes:0|help:0 ; date:1998-11-10|user:A16JOSSL9S5ED9|score:3|votes:0|help:0 ; date:1998-11-10|user:A2KE3ZP91HMPM|score:1|votes:1|help:1 ; date:1998-11-10|user:A2X6RMP57IWOXT|score:1|votes:0|help:0 ; date:1998-11-10|user:A2ZAWL42SHR8HQ|score:2|votes:1|help:0 ; date:1998-11-10|user:A36BUA2TBU9BAF|score:2|votes:0|help:0 ; date:1998-11-10|user:AO0DTNRU0VADD|score:4|votes:0|help:0 ; date:1998-11-10|user:ATVPDKIKX0DER|score:2|votes:0|help:0 ; date:1998-11-10|user:ATVPDKIKX0DER|score:4|votes:0|help:0 ; date:1998-11-10|user:ATVPDKIKX0DER|score:4|votes:0|help:0 ; date:1998-11-11|user:A2PGN0EEH98AZV|score:2|votes:0|help:0 ; date:1998-11-11|user:AR5D7X4U6IUP3|score:4|votes:0|help:0 ; date:1998-11-11|user:ATVPDKIKX0DER|score:1|votes:0|help:0 ; date:1998-11-11|user:ATVPDKIKX0DER|score:4|votes:0|help:0 ; date:1998-11-12|user:A1IXNSAH5KYKI7|score:1|votes:0|help:0 ; date:1998-11-12|user:A2BA6T2NHK4100|score:3|votes:0|help:0 ; date:1998-11-12|user:A2MDJVO4UI9IYK|score:1|votes:0|help:0 ; date:1998-11-12|user:A3EQ8WYO03BV0I|score:2|votes:0|help:0 ; date:1998-11-12|user:A3LEXDCBGIY55X|score:5|votes:0|help:0 ; date:1998-11-12|user:A3RJKRY22IFW9N|score:3|votes:0|help:0 ; date:1998-11-12|user:AHQXCSWP0U6KO|score:4|votes:0|help:0 ; date:1998-11-12|user:ASPTZD6EQUK1T|score:1|votes:0|help:0 ; date:1998-11-12|user:ATVPDKIKX0DER|score:1|votes:0|help:0 ; date:1998-11-12|user:ATVPDKIKX0DER|score:1|votes:0|help:0 ; date:1998-11-12|user:ATVPDKIKX0DER|score:3|votes:0|help:0 ; date:1998-11-12|user:ATVPDKIKX0DER|score:4|votes:0|help:0 ; date:1998-11-13|user:A16FASU3XYH8QQ|score:3|votes:0|help:0 ; date:1998-11-13|user:A22MMEKW4YE9O|score:4|votes:0|help:0 ; date:1998-11-13|user:A2RDGAM8WCPZZX|score:1|votes:1|help:1 ; date:1998-11-13|user:AH20GUGCVKKVG|score:2|votes:0|help:0 ; date:1998-11-14|user:A1XYWLF5MJRCYH|score:1|votes:0|help:0 ; date:1998-11-14|user:ATVPDKIKX0DER|score:1|votes:0|help:0 ; date:1998-11-14|user:ATVPDKIKX0DER|score:2|votes:0|help:0 ; date:1998-11-15|user:A2NTBZ6L0QVBEB|score:1|votes:0|help:0 ; date:1998-11-15|user:A2O36PML140OUW|score:3|votes:0|help:0 ; date:1998-11-15|user:AETUCYCDTRK7C|score:1|votes:0|help:0 ; date:1998-11-15|user:AK0F34JBUZ3UB|score:2|votes:0|help:0 ; date:1998-11-15|user:ASX79PD65BO71|score:1|votes:0|help:0 ; date:1998-11-15|user:ATVPDKIKX0DER|score:2|votes:0|help:0 ; date:1998-11-15|user:ATVPDKIKX0DER|score:2|votes:0|help:0 ; date:1998-11-15|user:ATVPDKIKX0DER|score:3|votes:0|help:0 ; date:1998-11-15|user:ATVPDKIKX0DER|score:4|votes:2|help:2 ; date:1998-11-16|user:A196O7FMN36DAG|score:4|votes:0|help:0 ; date:1998-11-16|user:A1C97FMJIWZPSI|score:2|votes:0|help:0 ; date:1998-11-16|user:A1DL82JMVVIXDV|score:3|votes:0|help:0 ; date:1998-11-16|user:A2FVO6DFJ7487X|score:4|votes:0|help:0 ; date:1998-11-16|user:A37IS7IEW3KS3B|score:2|votes:0|help:0 ; date:1998-11-16|user:A3MPI2YAQ45SXM|score:2|votes:2|help:2 ; date:1998-11-16|user:AE34FAO6NCPOL|score:4|votes:0|help:0 ; date:1998-11-16|user:AJXL4MQVYXF4Q|score:2|votes:0|help:0 ; date:1998-11-16|user:AP5NXS66INNOB|score:2|votes:0|help:0 ; date:1998-11-16|user:ATVPDKIKX0DER|score:1|votes:0|help:0 ; date:1998-11-16|user:ATVPDKIKX0DER|score:1|votes:0|help:0 ; date:1998-11-16|user:ATVPDKIKX0DER|score:1|votes:0|help:0 ; date:1998-11-16|user:ATVPDKIKX0DER|score:5|votes:0|help:0 ; date:1998-11-16|user:AXTU029ZMMITE|score:1|votes:0|help:0 ; date:1998-11-17|user:A1J101OBNKDXVY|score:2|votes:0|help:0 ; date:1998-11-17|user:A1JVPYGXL636PL|score:2|votes:0|help:0 ; date:1998-11-17|user:A2P2S6YTVWKKKJ|score:4|votes:0|help:0 ; date:1998-11-17|user:ATVPDKIKX0DER|score:4|votes:0|help:0 ; date:1998-11-17|user:ATVPDKIKX0DER|score:4|votes:0|help:0 ; date:1998-11-18|user:A28YKSI2FBQUMJ|score:3|votes:0|help:0 ; date:1998-11-18|user:ATVPDKIKX0DER|score:1|votes:0|help:0 ; date:1998-11-18|user:ATVPDKIKX0DER|score:1|votes:0|help:0 ; date:1998-11-18|user:ATVPDKIKX0DER|score:2|votes:0|help:0 ; date:1998-11-18|user:ATVPDKIKX0DER|score:2|votes:0|help:0 ; date:1998-11-18|user:ATVPDKIKX0DER|score:2|votes:1|help:0 ; date:1998-11-18|user:ATVPDKIKX0DER|score:4|votes:0|help:0 ; date:1998-11-18|user:ATVPDKIKX0DER|score:4|votes:0|help:0 ; date:1998-11-18|user:ATVPDKIKX0DER|score:4|votes:0|help:0 ; date:1998-11-19|user:A141AGFGI96O3|score:1|votes:0|help:0 ; date:1998-11-19|user:A1KB6E7M13SDUP|score:4|votes:2|help:1 ; date:1998-11-19|user:A1UAV7M9HIN9B8|score:4|votes:0|help:0 ; date:1998-11-19|user:A33T64Q5MNPZRH|score:2|votes:0|help:0 ; date:1998-11-19|user:AMZZIEA8HTQB2|score:1|votes:0|help:0 ; date:1998-11-19|user:ATVPDKIKX0DER|score:1|votes:0|help:0 ; date:1998-11-19|user:ATVPDKIKX0DER|score:1|votes:0|help:0 ; date:1998-11-19|user:ATVPDKIKX0DER|score:2|votes:0|help:0 ; date:1998-11-19|user:ATVPDKIKX0DER|score:2|votes:0|help:0 ; date:1998-11-19|user:ATVPDKIKX0DER|score:4|votes:0|help:0 ; date:1998-11-19|user:ATVPDKIKX0DER|score:4|votes:0|help:0 ; date:1998-11-20|user:A1GK9FXARFKG7Y|score:5|votes:0|help:0 ; date:1998-11-20|user:A1PY7XIWKUMQSA|score:1|votes:0|help:0 ; date:1998-11-20|user:A1Q8F6WHHCKFNM|score:2|votes:4|help:3 ; date:1998-11-20|user:A1ZK7276C1UXKC|score:5|votes:0|help:0 ; date:1998-11-20|user:A2JOA9YQDB08GP|score:5|votes:0|help:0 ; date:1998-11-20|user:A2UFLRE1P2C4R5|score:4|votes:0|help:0 ; date:1998-11-20|user:A3ORU6RO2OGSK8|score:2|votes:0|help:0 ; date:1998-11-20|user:AQQ6ZA8EB0SHR|score:4|votes:0|help:0 ; date:1998-11-20|user:ATVPDKIKX0DER|score:1|votes:0|help:0 ; date:1998-11-20|user:ATVPDKIKX0DER|score:1|votes:0|help:0 ; date:1998-11-20|user:ATVPDKIKX0DER|score:1|votes:0|help:0 ; date:1998-11-20|user:ATVPDKIKX0DER|score:1|votes:0|help:0 ; date:1998-11-20|user:ATVPDKIKX0DER|score:3|votes:0|help:0 ; date:1998-11-20|user:ATVPDKIKX0DER|score:4|votes:0|help:0 ; date:1998-11-20|user:AUO5C8UPYC707|score:2|votes:0|help:0 ; date:1998-11-21|user:A1RPAFGIR2LACS|score:1|votes:0|help:0 ; date:1998-11-21|user:A8HUPYIN9RPSI|score:2|votes:0|help:0 ; date:1998-11-21|user:ATVPDKIKX0DER|score:5|votes:0|help:0 ; date:1998-11-22|user:ATVPDKIKX0DER|score:5|votes:0|help:0 ; date:1998-11-23|user:A2J1MYP9V46T4K|score:5|votes:0|help:0 ; date:1998-11-23|user:A7M8L196UB6QW|score:4|votes:8|help:5 ; date:1998-11-23|user:AH1G1N9XLKUR7|score:1|votes:0|help:0 ; date:1998-11-23|user:ATVPDKIKX0DER|score:2|votes:4|help:2 ; date:1998-11-23|user:ATVPDKIKX0DER|score:3|votes:0|help:0 ; date:1998-11-23|user:ATVPDKIKX0DER|score:4|votes:0|help:0 ; date:1998-11-24|user:A3J9QXPITKUT8G|score:2|votes:0|help:0 ; date:1998-11-24|user:ATVPDKIKX0DER|score:1|votes:0|help:0 ; date:1998-11-24|user:ATVPDKIKX0DER|score:1|votes:0|help:0 ; date:1998-11-24|user:ATVPDKIKX0DER|score:2|votes:0|help:0 ; date:1998-11-25|user:A2STUESWJU8DPO|score:1|votes:0|help:0 ; date:1998-11-25|user:ATVPDKIKX0DER|score:4|votes:0|help:0 ; date:1998-11-25|user:ATVPDKIKX0DER|score:5|votes:0|help:0 ; date:1998-11-26|user:A1GXGG8ORJOWZH|score:4|votes:0|help:0 ; date:1998-11-26|user:A20FN4ZW2FC7US|score:4|votes:0|help:0 ; date:1998-11-26|user:A37XT9ZEXSMMM9|score:2|votes:0|help:0 ; date:1998-11-27|user:A3KIRD7D2AANO0|score:2|votes:0|help:0 ; date:1998-11-27|user:A3M0ATSN5K4QNZ|score:3|votes:0|help:0 ; date:1998-11-28|user:A1K9VX31S9I3Y1|score:1|votes:0|help:0 ; date:1998-11-28|user:A370RDC5MNESMQ|score:4|votes:0|help:0 ; date:1998-11-28|user:ATVPDKIKX0DER|score:1|votes:0|help:0 ; date:1998-11-29|user:A1KM60D37V895V|score:2|votes:3|help:1 ; date:1998-11-29|user:A1TFI80QI37A2N|score:1|votes:0|help:0 ; date:1998-11-29|user:A1ZDWZBGCI3DW4|score:5|votes:0|help:0 ; date:1998-11-29|user:AR9ZADE874K2P|score:1|votes:0|help:0 ; date:1998-11-29|user:ATVPDKIKX0DER|score:1|votes:0|help:0 ; date:1998-11-29|user:ATVPDKIKX0DER|score:1|votes:0|help:0 ; date:1998-11-29|user:ATVPDKIKX0DER|score:4|votes:0|help:0 ; date:1998-11-30|user:A143J1QQIMQKGK|score:3|votes:0|help:0 ; date:1998-11-30|user:A32NH1HPYYMF10|score:2|votes:0|help:0 ; date:1998-11-30|user:A3HSXOB0FQRM2V|score:1|votes:0|help:0 ; date:1998-11-30|user:AM1OKBJEBC87R|score:3|votes:0|help:0 ; date:1998-11-30|user:ATVPDKIKX0DER|score:1|votes:0|help:0 ; date:1998-11-30|user:ATVPDKIKX0DER|score:1|votes:0|help:0 ; date:1998-11-30|user:ATVPDKIKX0DER|score:3|votes:0|help:0 ; date:1998-11-30|user:AX6ADCUCEDX9Q|score:3|votes:0|help:0 ; date:1998-12-1|user:A1RHYFWGYU2IUT|score:5|votes:0|help:0 ; date:1998-12-1|user:A2VMY89AV7M55B|score:3|votes:0|help:0 ; date:1998-12-1|user:ATVPDKIKX0DER|score:2|votes:2|help:1 ; date:1998-12-1|user:ATVPDKIKX0DER|score:2|votes:0|help:0 ; date:1998-12-1|user:ATVPDKIKX0DER|score:2|votes:1|help:1 ; date:1998-12-1|user:AVFJ9FVXC3UTF|score:1|votes:0|help:0 ; date:1998-12-2|user:A1Z84DPP7E2GPB|score:1|votes:0|help:0 ; date:1998-12-2|user:A2IXPUQLX5GCOD|score:3|votes:0|help:0 ; date:1998-12-2|user:A2RDGAM8WCPZZX|score:2|votes:0|help:0 ; date:1998-12-2|user:A3NBSVN7A1I3UP|score:1|votes:0|help:0 ; date:1998-12-2|user:ADN9DW43HMFNO|score:5|votes:0|help:0 ; date:1998-12-2|user:AP6QVAUTKPO46|score:3|votes:0|help:0 ; date:1998-12-2|user:ATVPDKIKX0DER|score:1|votes:0|help:0 ; date:1998-12-2|user:ATVPDKIKX0DER|score:3|votes:0|help:0 ; date:1998-12-2|user:ATVPDKIKX0DER|score:3|votes:0|help:0 ; date:1998-12-2|user:ATVPDKIKX0DER|score:5|votes:0|help:0 ; date:1998-12-3|user:A2VZPCWP72AN5N|score:2|votes:0|help:0 ; date:1998-12-3|user:ATVPDKIKX0DER|score:1|votes:0|help:0 ; date:1998-12-3|user:ATVPDKIKX0DER|score:3|votes:0|help:0 ; date:1998-12-3|user:ATVPDKIKX0DER|score:5|votes:0|help:0 ; date:1998-12-4|user:A148WGEHQ83SJJ|score:1|votes:0|help:0 ; date:1998-12-5|user:APKJ1GHFAO9P3|score:4|votes:0|help:0 ; date:1998-12-5|user:ATVPDKIKX0DER|score:1|votes:0|help:0 ; date:1998-12-5|user:ATVPDKIKX0DER|score:2|votes:0|help:0 ; date:1998-12-5|user:ATVPDKIKX0DER|score:5|votes:0|help:0 ; date:1998-12-6|user:ADFJSW1Z0VRLT|score:5|votes:0|help:0 ; date:1998-12-6|user:ATVPDKIKX0DER|score:2|votes:0|help:0 ; date:1998-12-6|user:ATVPDKIKX0DER|score:2|votes:0|help:0 ; date:1998-12-6|user:ATVPDKIKX0DER|score:3|votes:0|help:0 ; date:1998-12-6|user:ATVPDKIKX0DER|score:5|votes:0|help:0 ; date:1998-12-7|user:A1B3DKAMTYGZAL|score:1|votes:0|help:0 ; date:1998-12-7|user:ATVPDKIKX0DER|score:5|votes:1|help:0 ; date:1998-12-7|user:ATVPDKIKX0DER|score:5|votes:0|help:0 ; date:1998-12-8|user:A16BW946UXCVDZ|score:1|votes:0|help:0 ; date:1998-12-8|user:ATVPDKIKX0DER|score:1|votes:0|help:0 ; date:1998-12-8|user:ATVPDKIKX0DER|score:2|votes:0|help:0 ; date:1998-12-8|user:ATVPDKIKX0DER|score:2|votes:1|help:0 ; date:1998-12-8|user:ATVPDKIKX0DER|score:2|votes:0|help:0 ; date:1998-12-8|user:ATVPDKIKX0DER|score:4|votes:0|help:0 ; date:1998-12-8|user:ATVPDKIKX0DER|score:4|votes:0|help:0 ; date:1998-12-9|user:A12RJ01I26052C|score:2|votes:0|help:0 ; date:1998-12-9|user:A2MW0L4FADIU8Q|score:1|votes:1|help:1 ; date:1998-12-9|user:A3NQ8839F5IC2Q|score:1|votes:0|help:0 ; date:1998-12-9|user:ATVPDKIKX0DER|score:1|votes:0|help:0 ; date:1998-12-9|user:ATVPDKIKX0DER|score:1|votes:2|help:1 ; date:1998-12-9|user:ATVPDKIKX0DER|score:4|votes:1|help:1 ; date:1998-12-10|user:ATVPDKIKX0DER|score:1|votes:0|help:0 ; date:1998-12-11|user:A1FWCJSS7N849B|score:1|votes:0|help:0 ; date:1998-12-12|user:A3C596OCBD4700|score:2|votes:0|help:0 ; date:1998-12-12|user:ATVPDKIKX0DER|score:1|votes:0|help:0 ; date:1998-12-12|user:ATVPDKIKX0DER|score:2|votes:0|help:0 ; date:1998-12-12|user:ATVPDKIKX0DER|score:3|votes:0|help:0 ; date:1998-12-13|user:A1YG3B1WN9F0MK|score:1|votes:0|help:0 ; date:1998-12-13|user:ATVPDKIKX0DER|score:4|votes:0|help:0 ; date:1998-12-13|user:ATVPDKIKX0DER|score:5|votes:0|help:0 ; date:1998-12-14|user:A1A18AX1HUYB5Z|score:3|votes:0|help:0 ; date:1998-12-14|user:A2P3V90FCAQ2LQ|score:2|votes:0|help:0 ; date:1998-12-14|user:ATVPDKIKX0DER|score:1|votes:0|help:0 ; date:1998-12-14|user:ATVPDKIKX0DER|score:1|votes:0|help:0 ; date:1998-12-15|user:ATVPDKIKX0DER|score:2|votes:0|help:0 ; date:1998-12-15|user:ATVPDKIKX0DER|score:5|votes:1|help:0 ; date:1998-12-16|user:A1HADNP9NLUJTK|score:3|votes:0|help:0 ; date:1998-12-16|user:A2ZDO7XYGJ9FC7|score:1|votes:0|help:0 ; date:1998-12-16|user:A3EKN6TTCAJUWS|score:2|votes:0|help:0 ; date:1998-12-16|user:A3MEXPD4SY35QD|score:1|votes:0|help:0 ; date:1998-12-16|user:AB0YSR8764SYL|score:1|votes:0|help:0 ; date:1998-12-16|user:ATVPDKIKX0DER|score:1|votes:0|help:0 ; date:1998-12-17|user:ATVPDKIKX0DER|score:1|votes:0|help:0 ; date:1998-12-19|user:ATVPDKIKX0DER|score:2|votes:0|help:0 ; date:1998-12-20|user:A36WK2IPBM9FXX|score:1|votes:0|help:0 ; date:1998-12-20|user:ATVPDKIKX0DER|score:2|votes:0|help:0 ; date:1998-12-21|user:A2PVVA6OIFJI2M|score:1|votes:0|help:0 ; date:1998-12-21|user:A35EFSNM9CHZ4K|score:2|votes:1|help:1 ; date:1998-12-21|user:ATVPDKIKX0DER|score:5|votes:0|help:0 ; date:1998-12-22|user:A1CKJPSQH5B25F|score:1|votes:0|help:0 ; date:1998-12-22|user:A2V9SEQCYTVZWV|score:3|votes:0|help:0 ; date:1998-12-22|user:ATVPDKIKX0DER|score:2|votes:0|help:0 ; date:1998-12-23|user:A1FRZA8G50E7ZH|score:1|votes:0|help:0 ; date:1998-12-23|user:AMBAO9E4PX2VX|score:1|votes:0|help:0 ; date:1998-12-23|user:ATVPDKIKX0DER|score:4|votes:0|help:0 ; date:1998-12-24|user:A1CKJPSQH5B25F|score:1|votes:0|help:0 ; date:1998-12-24|user:ATVPDKIKX0DER|score:1|votes:0|help:0 ; date:1998-12-25|user:A158GXO5RW7LUQ|score:1|votes:0|help:0 ; date:1998-12-25|user:ATVPDKIKX0DER|score:1|votes:0|help:0 ; date:1998-12-25|user:ATVPDKIKX0DER|score:1|votes:0|help:0 ; date:1998-12-25|user:ATVPDKIKX0DER|score:1|votes:0|help:0 ; date:1998-12-26|user:ATVPDKIKX0DER|score:1|votes:0|help:0 ; date:1998-12-26|user:ATVPDKIKX0DER|score:1|votes:0|help:0 ; date:1998-12-26|user:ATVPDKIKX0DER|score:3|votes:0|help:0 ; date:1998-12-27|user:A117LX8TBZQ9ZT|score:2|votes:1|help:1 ; date:1998-12-27|user:A16XTMW2IZ9LDV|score:5|votes:0|help:0 ; date:1998-12-27|user:A1DQVKI322D3F|score:1|votes:0|help:0 ; date:1998-12-27|user:A327BC1SGTYN3E|score:1|votes:0|help:0 ; date:1998-12-27|user:ATVPDKIKX0DER|score:1|votes:0|help:0 ; date:1998-12-27|user:ATVPDKIKX0DER|score:2|votes:0|help:0 ; date:1998-12-27|user:ATVPDKIKX0DER|score:4|votes:0|help:0 ; date:1998-12-28|user:A1UP08T82SKRNE|score:1|votes:0|help:0 ; date:1998-12-28|user:A3W0RONSNG9B5K|score:5|votes:0|help:0 ; date:1998-12-28|user:ATVPDKIKX0DER|score:1|votes:0|help:0 ; date:1998-12-28|user:ATVPDKIKX0DER|score:3|votes:0|help:0 ; date:1998-12-28|user:ATVPDKIKX0DER|score:3|votes:0|help:0 ; date:1998-12-28|user:ATVPDKIKX0DER|score:4|votes:0|help:0 ; date:1998-12-28|user:ATVPDKIKX0DER|score:5|votes:0|help:0 ; date:1998-12-29|user:A1JZZCJX77Z2YM|score:5|votes:0|help:0 ; date:1998-12-29|user:A1MILA9PFS2T2E|score:1|votes:0|help:0 ; date:1998-12-29|user:A2N7OEPFBUFCRG|score:1|votes:0|help:0 ; date:1998-12-29|user:ATVPDKIKX0DER|score:2|votes:0|help:0 ; date:1998-12-29|user:ATVPDKIKX0DER|score:2|votes:1|help:1 ; date:1998-12-29|user:ATVPDKIKX0DER|score:2|votes:0|help:0 ; date:1998-12-29|user:ATVPDKIKX0DER|score:2|votes:0|help:0 ; date:1998-12-29|user:ATVPDKIKX0DER|score:5|votes:0|help:0 ; date:1998-12-30|user:A1SVS39RF28V54|score:1|votes:0|help:0 ; date:1998-12-30|user:A1VQIG2XNTU7M7|score:4|votes:0|help:0 ; date:1998-12-30|user:A20ES23PXI8TPU|score:3|votes:0|help:0 ; date:1998-12-30|user:A2E6AHQMPBQH3H|score:4|votes:0|help:0 ; date:1998-12-30|user:A39IXL3RL83U2T|score:2|votes:0|help:0 ; date:1998-12-30|user:ATVPDKIKX0DER|score:3|votes:0|help:0 ; date:1998-12-31|user:A3SUFYL1EX7YXS|score:1|votes:0|help:0 ; date:1998-12-31|user:ATVPDKIKX0DER|score:3|votes:0|help:0 ; date:1999-1-1|user:A1Y9OFT6IS3BHS|score:4|votes:0|help:0 ; date:1999-1-1|user:ATQWXP5FQYTT|score:4|votes:0|help:0 ; date:1999-1-1|user:ATVPDKIKX0DER|score:1|votes:0|help:0 ; date:1999-1-2|user:ALMMP3GW7H0Q8|score:4|votes:1|help:1 ; date:1999-1-2|user:ATVPDKIKX0DER|score:1|votes:0|help:0 ; date:1999-1-2|user:ATVPDKIKX0DER|score:3|votes:0|help:0 ; date:1999-1-2|user:ATVPDKIKX0DER|score:5|votes:0|help:0 ; date:1999-1-3|user:A20FO9FYKAELUW|score:2|votes:0|help:0 ; date:1999-1-3|user:A3VFHXRH6EF5X0|score:3|votes:0|help:0 ; date:1999-1-3|user:ATVPDKIKX0DER|score:1|votes:0|help:0 ; date:1999-1-3|user:ATVPDKIKX0DER|score:4|votes:0|help:0 ; date:1999-1-3|user:ATVPDKIKX0DER|score:4|votes:0|help:0 ; date:1999-1-4|user:A1QDGUXYRNW5WN|score:5|votes:0|help:0 ; date:1999-1-4|user:A2UE8W7BZ1KK4M|score:4|votes:0|help:0 ; date:1999-1-4|user:A347TL78TMSAP8|score:4|votes:0|help:0 ; date:1999-1-4|user:A3C6UYBPDY4TG5|score:4|votes:0|help:0 ; date:1999-1-4|user:ATVPDKIKX0DER|score:1|votes:0|help:0 ; date:1999-1-5|user:A2IV2OLW0WMXK8|score:3|votes:0|help:0 ; date:1999-1-5|user:A3EMHB1SD9GABZ|score:1|votes:0|help:0 ; date:1999-1-5|user:ATVPDKIKX0DER|score:4|votes:0|help:0 ; date:1999-1-5|user:ATVPDKIKX0DER|score:4|votes:0|help:0 ; date:1999-1-5|user:ATVPDKIKX0DER|score:5|votes:0|help:0 ; date:1999-1-6|user:A2ZBVRINNNCO5L|score:3|votes:0|help:0 ; date:1999-1-6|user:AA6QCZHZLRXB1|score:3|votes:0|help:0 ; date:1999-1-6|user:ATVPDKIKX0DER|score:1|votes:0|help:0 ; date:1999-1-6|user:ATVPDKIKX0DER|score:4|votes:0|help:0 ; date:1999-1-7|user:AEB45TKHZI37F|score:5|votes:0|help:0 ; date:1999-1-7|user:ATVPDKIKX0DER|score:4|votes:0|help:0 ; date:1999-1-8|user:ATVPDKIKX0DER|score:3|votes:0|help:0 ; date:1999-1-9|user:ATVPDKIKX0DER|score:4|votes:0|help:0 ; date:1999-1-10|user:A1RCOVXSQ4CRQU|score:2|votes:0|help:0 ; date:1999-1-10|user:AEIX4O1959K64|score:1|votes:0|help:0 ; date:1999-1-10|user:API68N84XDBTQ|score:1|votes:0|help:0 ; date:1999-1-10|user:ATVPDKIKX0DER|score:2|votes:0|help:0 ; date:1999-1-10|user:ATVPDKIKX0DER|score:2|votes:0|help:0 ; date:1999-1-10|user:ATVPDKIKX0DER|score:5|votes:0|help:0 ; date:1999-1-11|user:A1HW6MXJT4Y7YL|score:1|votes:0|help:0 ; date:1999-1-11|user:A1HW6MXJT4Y7YL|score:1|votes:0|help:0 ; date:1999-1-11|user:A3IDTTL5IS6SRY|score:1|votes:0|help:0 ; date:1999-1-11|user:AF91NN86T1J1H|score:1|votes:0|help:0 ; date:1999-1-11|user:ATVPDKIKX0DER|score:1|votes:2|help:2 ; date:1999-1-12|user:ATVPDKIKX0DER|score:1|votes:0|help:0 ; date:1999-1-12|user:ATVPDKIKX0DER|score:1|votes:0|help:0 ; date:1999-1-12|user:ATVPDKIKX0DER|score:3|votes:0|help:0 ; date:1999-1-12|user:AZW651MD2K9TY|score:1|votes:0|help:0 ; date:1999-1-13|user:A1MYEBWCU04LLJ|score:5|votes:0|help:0 ; date:1999-1-13|user:A21FNUCF3FVX4U|score:3|votes:0|help:0 ; date:1999-1-13|user:ATVPDKIKX0DER|score:1|votes:0|help:0 ; date:1999-1-13|user:ATVPDKIKX0DER|score:2|votes:0|help:0 ; date:1999-1-14|user:ATVPDKIKX0DER|score:1|votes:0|help:0 ; date:1999-1-15|user:ATVPDKIKX0DER|score:3|votes:0|help:0 ; date:1999-1-15|user:AV1OAS26TSBOL|score:2|votes:0|help:0 ; date:1999-1-16|user:ATVPDKIKX0DER|score:2|votes:0|help:0 ; date:1999-1-17|user:A14Q4E0ONBTR1V|score:1|votes:0|help:0 ; date:1999-1-17|user:A1K5KHJRKINCP|score:1|votes:0|help:0 ; date:1999-1-17|user:ATVPDKIKX0DER|score:5|votes:0|help:0 ; date:1999-1-18|user:ATVPDKIKX0DER|score:3|votes:0|help:0 ; date:1999-1-19|user:A25SE48P1LOWYJ|score:1|votes:0|help:0 ; date:1999-1-19|user:A37HCCQLZYQIPQ|score:1|votes:0|help:0 ; date:1999-1-19|user:ATVPDKIKX0DER|score:2|votes:0|help:0 ; date:1999-1-19|user:ATVPDKIKX0DER|score:2|votes:0|help:0 ; date:1999-1-19|user:ATVPDKIKX0DER|score:3|votes:0|help:0 ; date:1999-1-19|user:ATVPDKIKX0DER|score:4|votes:0|help:0 ; date:1999-1-19|user:ATVPDKIKX0DER|score:4|votes:0|help:0 ; date:1999-1-19|user:ATVPDKIKX0DER|score:5|votes:0|help:0 ; date:1999-1-20|user:A36YWDB1KI8AKD|score:1|votes:0|help:0 ; date:1999-1-20|user:ATVPDKIKX0DER|score:1|votes:0|help:0 ; date:1999-1-20|user:ATVPDKIKX0DER|score:3|votes:0|help:0 ; date:1999-1-21|user:AB0YSR8764SYL|score:1|votes:0|help:0 ; date:1999-1-21|user:ATVPDKIKX0DER|score:1|votes:0|help:0 ; date:1999-1-22|user:ALMMP3GW7H0Q8|score:4|votes:0|help:0 ; date:1999-1-23|user:A21KUBNRIBMPWF|score:3|votes:4|help:3 ; date:1999-1-23|user:A2SVGT6XZ5FG1E|score:3|votes:0|help:0 ; date:1999-1-23|user:ATVPDKIKX0DER|score:1|votes:0|help:0 ; date:1999-1-23|user:ATVPDKIKX0DER|score:4|votes:0|help:0 ; date:1999-1-23|user:ATVPDKIKX0DER|score:5|votes:1|help:0 ; date:1999-1-24|user:ATVPDKIKX0DER|score:3|votes:0|help:0 ; date:1999-1-24|user:ATVPDKIKX0DER|score:5|votes:0|help:0 ; date:1999-1-25|user:A2GWZR9DWYRQVS|score:2|votes:0|help:0 ; date:1999-1-25|user:A2U7SF77CE8C57|score:5|votes:0|help:0 ; date:1999-1-25|user:ATVPDKIKX0DER|score:3|votes:0|help:0 ; date:1999-1-26|user:A1E49ZK7GIUZ73|score:1|votes:0|help:0 ; date:1999-1-26|user:A2V8AP8HVH44J7|score:2|votes:1|help:0 ; date:1999-1-26|user:ATVPDKIKX0DER|score:1|votes:0|help:0 ; date:1999-1-26|user:ATVPDKIKX0DER|score:1|votes:0|help:0 ; date:1999-1-26|user:ATVPDKIKX0DER|score:1|votes:0|help:0 ; date:1999-1-26|user:ATVPDKIKX0DER|score:1|votes:0|help:0 ; date:1999-1-26|user:ATVPDKIKX0DER|score:5|votes:0|help:0 ; date:1999-1-27|user:A1I9CC89CDVBCN|score:1|votes:0|help:0 ; date:1999-1-28|user:A2B7RC3ZQUZ0QU|score:1|votes:0|help:0 ; date:1999-1-28|user:AEB45TKHZI37F|score:5|votes:1|help:0 ; date:1999-1-28|user:ATVPDKIKX0DER|score:3|votes:0|help:0 ; date:1999-1-28|user:ATVPDKIKX0DER|score:4|votes:1|help:0 ; date:1999-1-29|user:A2EKY8LPCJRNOT|score:1|votes:0|help:0 ; date:1999-1-29|user:ATVPDKIKX0DER|score:2|votes:0|help:0 ; date:1999-1-29|user:ATVPDKIKX0DER|score:4|votes:0|help:0 ; date:1999-1-29|user:ATVPDKIKX0DER|score:5|votes:1|help:0 ; date:1999-1-31|user:ATVPDKIKX0DER|score:1|votes:0|help:0 ; date:1999-1-31|user:ATVPDKIKX0DER|score:1|votes:0|help:0 ; date:1999-1-31|user:ATVPDKIKX0DER|score:3|votes:0|help:0 ; date:1999-1-31|user:ATVPDKIKX0DER|score:5|votes:1|help:0 ; date:1999-2-1|user:A1OCQ3KWOVKDZ1|score:1|votes:0|help:0 ; date:1999-2-1|user:A3QE3PF98OY4V0|score:1|votes:0|help:0 ; date:1999-2-1|user:A3QE3PF98OY4V0|score:1|votes:0|help:0 ; date:1999-2-1|user:A3TAM1K29N4V09|score:4|votes:0|help:0 ; date:1999-2-1|user:ATVPDKIKX0DER|score:1|votes:2|help:2 ; date:1999-2-1|user:ATVPDKIKX0DER|score:1|votes:0|help:0 ; date:1999-2-1|user:ATVPDKIKX0DER|score:1|votes:0|help:0 ; date:1999-2-2|user:A15K4WWGU6BCZO|score:1|votes:2|help:2 ; date:1999-2-2|user:AHAH7CQ7KMC5U|score:4|votes:0|help:0 ; date:1999-2-2|user:ATVPDKIKX0DER|score:1|votes:0|help:0 ; date:1999-2-2|user:ATVPDKIKX0DER|score:2|votes:0|help:0 ; date:1999-2-2|user:ATVPDKIKX0DER|score:2|votes:0|help:0 ; date:1999-2-2|user:ATVPDKIKX0DER|score:3|votes:0|help:0 ; date:1999-2-3|user:ATVPDKIKX0DER|score:1|votes:0|help:0 ; date:1999-2-4|user:A2D4U6BOFXAON4|score:1|votes:0|help:0 ; date:1999-2-4|user:ATVPDKIKX0DER|score:1|votes:0|help:0 ; date:1999-2-4|user:ATVPDKIKX0DER|score:1|votes:0|help:0 ; date:1999-2-4|user:ATVPDKIKX0DER|score:1|votes:0|help:0 ; date:1999-2-4|user:ATVPDKIKX0DER|score:2|votes:0|help:0 ; date:1999-2-4|user:ATVPDKIKX0DER|score:2|votes:0|help:0 ; date:1999-2-4|user:ATVPDKIKX0DER|score:3|votes:0|help:0 ; date:1999-2-4|user:ATVPDKIKX0DER|score:4|votes:0|help:0 ; date:1999-2-4|user:ATVPDKIKX0DER|score:5|votes:1|help:0 ; date:1999-2-5|user:A2HOBH7ZM64S70|score:1|votes:0|help:0 ; date:1999-2-5|user:A3NB1WPXXHQHMN|score:3|votes:0|help:0 ; date:1999-2-5|user:ABFBE8AORKKS7|score:1|votes:0|help:0 ; date:1999-2-6|user:A1HUZM561LM7T3|score:3|votes:0|help:0 ; date:1999-2-6|user:A1WTVL7DPNH3YS|score:1|votes:0|help:0 ; date:1999-2-6|user:ATVPDKIKX0DER|score:1|votes:0|help:0 ; date:1999-2-6|user:ATVPDKIKX0DER|score:4|votes:0|help:0 ; date:1999-2-6|user:ATVPDKIKX0DER|score:5|votes:0|help:0 ; date:1999-2-7|user:A2BW1PN7F6NP7X|score:1|votes:0|help:0 ; date:1999-2-7|user:A3QGISOM7PD6EO|score:2|votes:0|help:0 ; date:1999-2-7|user:ATVPDKIKX0DER|score:1|votes:0|help:0 ; date:1999-2-7|user:ATVPDKIKX0DER|score:1|votes:0|help:0 ; date:1999-2-7|user:ATVPDKIKX0DER|score:3|votes:0|help:0 ; date:1999-2-7|user:ATVPDKIKX0DER|score:5|votes:1|help:0 ; date:1999-2-8|user:A2TASWIAKMPAE9|score:1|votes:0|help:0 ; date:1999-2-8|user:A3K705S7ZN8C0C|score:5|votes:0|help:0 ; date:1999-2-8|user:ATVPDKIKX0DER|score:1|votes:0|help:0 ; date:1999-2-8|user:ATVPDKIKX0DER|score:1|votes:0|help:0 ; date:1999-2-8|user:ATVPDKIKX0DER|score:1|votes:0|help:0 ; date:1999-2-8|user:ATVPDKIKX0DER|score:3|votes:0|help:0 ; date:1999-2-9|user:A163BG0WGV2IQC|score:2|votes:0|help:0 ; date:1999-2-9|user:A1B8W218GQ5PU7|score:1|votes:0|help:0 ; date:1999-2-9|user:A24W3Y6SQRFM11|score:2|votes:0|help:0 ; date:1999-2-9|user:A2H0PTQKMPS1PC|score:1|votes:0|help:0 ; date:1999-2-9|user:A39W3W49STWC98|score:3|votes:0|help:0 ; date:1999-2-9|user:ATVPDKIKX0DER|score:1|votes:0|help:0 ; date:1999-2-9|user:ATVPDKIKX0DER|score:1|votes:0|help:0 ; date:1999-2-9|user:ATVPDKIKX0DER|score:2|votes:0|help:0 ; date:1999-2-9|user:ATVPDKIKX0DER|score:3|votes:0|help:0 ; date:1999-2-9|user:ATVPDKIKX0DER|score:5|votes:2|help:0 ; date:1999-2-10|user:A2E87TFJLKP87Y|score:5|votes:1|help:0 ; date:1999-2-10|user:A2FJ2RKIA7AHB4|score:3|votes:0|help:0 ; date:1999-2-10|user:A3CN86WHCUFW8H|score:2|votes:0|help:0 ; date:1999-2-10|user:ATVPDKIKX0DER|score:1|votes:0|help:0 ; date:1999-2-11|user:A1WQ8A1DLA8KS0|score:1|votes:1|help:1 ; date:1999-2-11|user:A3A1VRAU1B45WL|score:2|votes:0|help:0 ; date:1999-2-11|user:ATVPDKIKX0DER|score:1|votes:0|help:0 ; date:1999-2-12|user:ATVPDKIKX0DER|score:1|votes:0|help:0 ; date:1999-2-13|user:A12H3TG40DWDO|score:2|votes:0|help:0 ; date:1999-2-13|user:A2E87TFJLKP87Y|score:4|votes:0|help:0 ; date:1999-2-13|user:A393RHC5NVPJVB|score:1|votes:0|help:0 ; date:1999-2-13|user:ATVPDKIKX0DER|score:3|votes:0|help:0 ; date:1999-2-14|user:A3KZV7C4P6S559|score:2|votes:0|help:0 ; date:1999-2-14|user:ATVPDKIKX0DER|score:1|votes:0|help:0 ; date:1999-2-15|user:A3JM3EUVKWFYVR|score:1|votes:0|help:0 ; date:1999-2-15|user:A3LDJ0KMVQ268O|score:2|votes:0|help:0 ; date:1999-2-15|user:ATVPDKIKX0DER|score:2|votes:0|help:0 ; date:1999-2-15|user:ATVPDKIKX0DER|score:2|votes:0|help:0 ; date:1999-2-15|user:ATVPDKIKX0DER|score:4|votes:0|help:0 ; date:1999-2-15|user:ATVPDKIKX0DER|score:5|votes:0|help:0 ; date:1999-2-16|user:A1559GKVB7WRQC|score:5|votes:1|help:0 ; date:1999-2-16|user:A249D19FNT2ZKM|score:1|votes:0|help:0 ; date:1999-2-16|user:ATVPDKIKX0DER|score:1|votes:0|help:0 ; date:1999-2-16|user:ATVPDKIKX0DER|score:1|votes:0|help:0 ; date:1999-2-16|user:ATVPDKIKX0DER|score:1|votes:0|help:0 ; date:1999-2-16|user:ATVPDKIKX0DER|score:4|votes:0|help:0 ; date:1999-2-16|user:ATVPDKIKX0DER|score:5|votes:0|help:0 ; date:1999-2-17|user:A1QH5970SXG0TN|score:5|votes:1|help:0 ; date:1999-2-17|user:A2E87TFJLKP87Y|score:3|votes:0|help:0 ; date:1999-2-17|user:ALGFLISOGW6G|score:3|votes:0|help:0 ; date:1999-2-17|user:ATVPDKIKX0DER|score:5|votes:0|help:0 ; date:1999-2-18|user:A357NGL53JUQD1|score:2|votes:0|help:0 ; date:1999-2-18|user:A3961PLJ9WCN7G|score:2|votes:0|help:0 ; date:1999-2-18|user:ATVPDKIKX0DER|score:1|votes:0|help:0 ; date:1999-2-18|user:ATVPDKIKX0DER|score:1|votes:0|help:0 ; date:1999-2-18|user:ATVPDKIKX0DER|score:3|votes:0|help:0 ; date:1999-2-18|user:ATVPDKIKX0DER|score:5|votes:1|help:0 ; date:1999-2-18|user:ATVPDKIKX0DER|score:5|votes:1|help:0 ; date:1999-2-19|user:AHUSS0MFUNHD9|score:3|votes:0|help:0 ; date:1999-2-20|user:ATVPDKIKX0DER|score:1|votes:0|help:0 ; date:1999-2-20|user:ATVPDKIKX0DER|score:2|votes:0|help:0 ; date:1999-2-20|user:ATVPDKIKX0DER|score:3|votes:0|help:0 ; date:1999-2-21|user:A21MHKJ7UNX62V|score:1|votes:0|help:0 ; date:1999-2-21|user:ATVPDKIKX0DER|score:1|votes:0|help:0 ; date:1999-2-21|user:ATVPDKIKX0DER|score:1|votes:0|help:0 ; date:1999-2-21|user:ATVPDKIKX0DER|score:1|votes:0|help:0 ; date:1999-2-21|user:ATVPDKIKX0DER|score:3|votes:0|help:0 ; date:1999-2-22|user:A7PC6Q0MEQ8DJ|score:1|votes:0|help:0 ; date:1999-2-22|user:ATVPDKIKX0DER|score:1|votes:0|help:0 ; date:1999-2-22|user:ATVPDKIKX0DER|score:1|votes:0|help:0 ; date:1999-2-22|user:ATVPDKIKX0DER|score:1|votes:0|help:0 ; date:1999-2-22|user:ATVPDKIKX0DER|score:4|votes:0|help:0 ; date:1999-2-22|user:ATVPDKIKX0DER|score:4|votes:0|help:0 ; date:1999-2-23|user:A3UPADGPNGE9RR|score:2|votes:0|help:0 ; date:1999-2-24|user:A3K0ADIPIJW7G2|score:3|votes:0|help:0 ; date:1999-2-24|user:ATVPDKIKX0DER|score:1|votes:0|help:0 ; date:1999-2-24|user:ATVPDKIKX0DER|score:1|votes:0|help:0 ; date:1999-2-24|user:ATVPDKIKX0DER|score:1|votes:1|help:1 ; date:1999-2-24|user:ATVPDKIKX0DER|score:1|votes:0|help:0 ; date:1999-2-24|user:ATVPDKIKX0DER|score:1|votes:0|help:0 ; date:1999-2-24|user:ATVPDKIKX0DER|score:1|votes:0|help:0 ; date:1999-2-24|user:ATVPDKIKX0DER|score:1|votes:0|help:0 ; date:1999-2-24|user:ATVPDKIKX0DER|score:1|votes:0|help:0 ; date:1999-2-24|user:ATVPDKIKX0DER|score:2|votes:0|help:0 ; date:1999-2-24|user:ATVPDKIKX0DER|score:2|votes:0|help:0 ; date:1999-2-25|user:A15VX778OR37TB|score:3|votes:0|help:0 ; date:1999-2-25|user:ATVPDKIKX0DER|score:3|votes:0|help:0 ; date:1999-2-26|user:ALTV80LEC35CW|score:1|votes:0|help:0 ; date:1999-2-26|user:ATVPDKIKX0DER|score:2|votes:0|help:0 ; date:1999-2-27|user:A8N4KYJ6RZ7VL|score:1|votes:0|help:0 ; date:1999-2-27|user:ATVPDKIKX0DER|score:5|votes:0|help:0 ; date:1999-2-28|user:A1T281OLKF9Z0D|score:3|votes:0|help:0 ; date:1999-2-28|user:A33Z67PE5PMMAK|score:3|votes:0|help:0 ; date:1999-2-28|user:ALNECIIBLS7A3|score:1|votes:1|help:1 ; date:1999-2-28|user:ATVPDKIKX0DER|score:3|votes:0|help:0 ; date:1999-2-28|user:ATVPDKIKX0DER|score:4|votes:0|help:0 ; date:1999-2-28|user:ATVPDKIKX0DER|score:5|votes:0|help:0 ; date:1999-2-28|user:AURQ54OIUQHGC|score:4|votes:0|help:0 ; date:1999-3-1|user:A1CFXB85FSD9NU|score:1|votes:0|help:0 ; date:1999-3-1|user:A340LGQFDL0H9I|score:1|votes:0|help:0 ; date:1999-3-1|user:ATVPDKIKX0DER|score:3|votes:0|help:0 ; date:1999-3-2|user:A1CQB0IM83G1HA|score:4|votes:0|help:0 ; date:1999-3-2|user:ATVPDKIKX0DER|score:1|votes:0|help:0 ; date:1999-3-3|user:A2D3YJN6TGNPY9|score:2|votes:0|help:0 ; date:1999-3-3|user:A2S2E69MC1GOFL|score:5|votes:0|help:0 ; date:1999-3-3|user:ATVPDKIKX0DER|score:4|votes:0|help:0 ; date:1999-3-4|user:ATVPDKIKX0DER|score:1|votes:0|help:0 ; date:1999-3-4|user:ATVPDKIKX0DER|score:3|votes:0|help:0 ; date:1999-3-4|user:ATVPDKIKX0DER|score:5|votes:0|help:0 ; date:1999-3-4|user:ATVPDKIKX0DER|score:5|votes:0|help:0 ; date:1999-3-5|user:ATVPDKIKX0DER|score:5|votes:1|help:0 ; date:1999-3-6|user:ATVPDKIKX0DER|score:2|votes:0|help:0 ; date:1999-3-7|user:ATVPDKIKX0DER|score:3|votes:0|help:0 ; date:1999-3-8|user:A2YLICTAFXL7QA|score:3|votes:0|help:0 ; date:1999-3-8|user:ATVPDKIKX0DER|score:1|votes:0|help:0 ; date:1999-3-8|user:ATVPDKIKX0DER|score:3|votes:0|help:0 ; date:1999-3-9|user:A1DU57NXE2KSCS|score:5|votes:0|help:0 ; date:1999-3-9|user:A24K40CMCOYSYP|score:3|votes:0|help:0 ; date:1999-3-9|user:A3AYFSM05ZKFBH|score:1|votes:0|help:0 ; date:1999-3-9|user:A3VVO7YOW6HZ8K|score:5|votes:0|help:0 ; date:1999-3-9|user:ATVPDKIKX0DER|score:1|votes:0|help:0 ; date:1999-3-9|user:ATVPDKIKX0DER|score:3|votes:0|help:0 ; date:1999-3-10|user:A1BT7UQS34K94T|score:3|votes:0|help:0 ; date:1999-3-10|user:ATVPDKIKX0DER|score:4|votes:0|help:0 ; date:1999-3-10|user:ATVPDKIKX0DER|score:5|votes:0|help:0 ; date:1999-3-11|user:ATVPDKIKX0DER|score:4|votes:0|help:0 ; date:1999-3-13|user:ATVPDKIKX0DER|score:3|votes:0|help:0 ; date:1999-3-13|user:ATVPDKIKX0DER|score:3|votes:0|help:0 ; date:1999-3-14|user:A1VIRPHM1SAVHH|score:1|votes:0|help:0 ; date:1999-3-14|user:ATVPDKIKX0DER|score:2|votes:0|help:0 ; date:1999-3-14|user:ATVPDKIKX0DER|score:3|votes:1|help:1 ; date:1999-3-15|user:A1YAPCGOBCK7CV|score:1|votes:0|help:0 ; date:1999-3-15|user:A31B6LW074VRMF|score:4|votes:0|help:0 ; date:1999-3-15|user:ATVPDKIKX0DER|score:1|votes:0|help:0 ; date:1999-3-15|user:ATVPDKIKX0DER|score:3|votes:0|help:0 ; date:1999-3-15|user:ATVPDKIKX0DER|score:5|votes:0|help:0 ; date:1999-3-16|user:ATVPDKIKX0DER|score:1|votes:0|help:0 ; date:1999-3-16|user:ATVPDKIKX0DER|score:2|votes:0|help:0 ; date:1999-3-16|user:ATVPDKIKX0DER|score:2|votes:0|help:0 ; date:1999-3-16|user:ATVPDKIKX0DER|score:5|votes:0|help:0 ; date:1999-3-17|user:ATVPDKIKX0DER|score:3|votes:0|help:0 ; date:1999-3-18|user:ATVPDKIKX0DER|score:2|votes:0|help:0 ; date:1999-3-18|user:ATVPDKIKX0DER|score:2|votes:0|help:0 ; date:1999-3-19|user:ATVPDKIKX0DER|score:5|votes:0|help:0 ; date:1999-3-20|user:A3GW9CFFIDCMH9|score:3|votes:0|help:0 ; date:1999-3-20|user:ATVPDKIKX0DER|score:4|votes:0|help:0 ; date:1999-3-21|user:ATVPDKIKX0DER|score:5|votes:0|help:0 ; date:1999-3-22|user:ATVPDKIKX0DER|score:1|votes:0|help:0 ; date:1999-3-23|user:ATVPDKIKX0DER|score:1|votes:0|help:0 ; date:1999-3-23|user:ATVPDKIKX0DER|score:2|votes:1|help:0 ; date:1999-3-23|user:ATVPDKIKX0DER|score:2|votes:0|help:0 ; date:1999-3-24|user:ATVPDKIKX0DER|score:1|votes:0|help:0 ; date:1999-3-24|user:ATVPDKIKX0DER|score:2|votes:0|help:0 ; date:1999-3-24|user:ATVPDKIKX0DER|score:3|votes:0|help:0 ; date:1999-3-24|user:ATVPDKIKX0DER|score:5|votes:0|help:0 ; date:1999-3-25|user:A33QFJZZ3FRJOI|score:2|votes:0|help:0 ; date:1999-3-25|user:ATVPDKIKX0DER|score:2|votes:0|help:0 ; date:1999-3-25|user:ATVPDKIKX0DER|score:3|votes:0|help:0 ; date:1999-3-25|user:ATVPDKIKX0DER|score:3|votes:0|help:0 ; date:1999-3-26|user:ATVPDKIKX0DER|score:2|votes:0|help:0 ; date:1999-3-27|user:A3IJUCURA5B342|score:5|votes:0|help:0 ; date:1999-3-28|user:A1Z83TFRROEEKI|score:2|votes:0|help:0 ; date:1999-3-28|user:ATVPDKIKX0DER|score:2|votes:0|help:0 ; date:1999-3-28|user:ATVPDKIKX0DER|score:2|votes:0|help:0 ; date:1999-3-28|user:ATVPDKIKX0DER|score:3|votes:0|help:0 ; date:1999-3-28|user:ATVPDKIKX0DER|score:3|votes:0|help:0 ; date:1999-3-29|user:A1BBKQRW90H3F9|score:5|votes:0|help:0 ; date:1999-3-29|user:ATVPDKIKX0DER|score:2|votes:0|help:0 ; date:1999-3-30|user:A3FKTS7G70IIZ2|score:1|votes:0|help:0 ; date:1999-3-30|user:ATVPDKIKX0DER|score:1|votes:1|help:1 ; date:1999-3-30|user:ATVPDKIKX0DER|score:2|votes:0|help:0 ; date:1999-3-30|user:ATVPDKIKX0DER|score:2|votes:0|help:0 ; date:1999-3-31|user:ATVPDKIKX0DER|score:3|votes:0|help:0 ; date:1999-4-2|user:ATVPDKIKX0DER|score:2|votes:0|help:0 ; date:1999-4-3|user:ATVPDKIKX0DER|score:2|votes:0|help:0 ; date:1999-4-3|user:ATVPDKIKX0DER|score:3|votes:0|help:0 ; date:1999-4-4|user:A2DQNXE8405D52|score:3|votes:0|help:0 ; date:1999-4-4|user:ATVPDKIKX0DER|score:1|votes:0|help:0 ; date:1999-4-4|user:ATVPDKIKX0DER|score:1|votes:0|help:0 ; date:1999-4-4|user:ATVPDKIKX0DER|score:4|votes:0|help:0 ; date:1999-4-5|user:ATVPDKIKX0DER|score:1|votes:0|help:0 ; date:1999-4-5|user:ATVPDKIKX0DER|score:1|votes:0|help:0 ; date:1999-4-5|user:ATVPDKIKX0DER|score:3|votes:0|help:0 ; date:1999-4-5|user:ATVPDKIKX0DER|score:5|votes:0|help:0 ; date:1999-4-6|user:ATVPDKIKX0DER|score:2|votes:0|help:0 ; date:1999-4-6|user:ATVPDKIKX0DER|score:3|votes:0|help:0 ; date:1999-4-6|user:ATVPDKIKX0DER|score:4|votes:0|help:0 ; date:1999-4-6|user:ATVPDKIKX0DER|score:5|votes:0|help:0 ; date:1999-4-6|user:ATVPDKIKX0DER|score:5|votes:0|help:0 ; date:1999-4-6|user:ATVPDKIKX0DER|score:5|votes:1|help:0 ; date:1999-4-7|user:AEB45TKHZI37F|score:5|votes:0|help:0 ; date:1999-4-7|user:ATVPDKIKX0DER|score:2|votes:0|help:0 ; date:1999-4-7|user:ATVPDKIKX0DER|score:2|votes:0|help:0 ; date:1999-4-7|user:ATVPDKIKX0DER|score:5|votes:1|help:0 ; date:1999-4-8|user:A33T07FYVKWYB2|score:1|votes:0|help:0 ; date:1999-4-8|user:ATVPDKIKX0DER|score:1|votes:1|help:1 ; date:1999-4-8|user:ATVPDKIKX0DER|score:1|votes:0|help:0 ; date:1999-4-9|user:ATVPDKIKX0DER|score:1|votes:0|help:0 ; date:1999-4-9|user:ATVPDKIKX0DER|score:1|votes:0|help:0 ; date:1999-4-10|user:ACK0R4H8ZGV46|score:5|votes:0|help:0 ; date:1999-4-11|user:A1059OHYS70A3Z|score:5|votes:1|help:0 ; date:1999-4-12|user:ATVPDKIKX0DER|score:4|votes:0|help:0 ; date:1999-4-14|user:ATVPDKIKX0DER|score:2|votes:0|help:0 ; date:1999-4-15|user:ATVPDKIKX0DER|score:1|votes:0|help:0 ; date:1999-4-16|user:ATVPDKIKX0DER|score:1|votes:0|help:0 ; date:1999-4-16|user:ATVPDKIKX0DER|score:1|votes:1|help:1 ; date:1999-4-16|user:ATVPDKIKX0DER|score:1|votes:0|help:0 ; date:1999-4-16|user:ATVPDKIKX0DER|score:4|votes:0|help:0 ; date:1999-4-17|user:ATVPDKIKX0DER|score:1|votes:1|help:1 ; date:1999-4-17|user:ATVPDKIKX0DER|score:2|votes:0|help:0 ; date:1999-4-17|user:ATVPDKIKX0DER|score:3|votes:0|help:0 ; date:1999-4-18|user:A2E87TFJLKP87Y|score:3|votes:0|help:0 ; date:1999-4-18|user:A2JYOXDYFC87EI|score:2|votes:0|help:0 ; date:1999-4-18|user:A3GCM4OEZQ8W11|score:4|votes:0|help:0 ; date:1999-4-18|user:ATVPDKIKX0DER|score:2|votes:0|help:0 ; date:1999-4-18|user:ATVPDKIKX0DER|score:5|votes:1|help:0 ; date:1999-4-19|user:A35CUVW27AI9ND|score:2|votes:0|help:0 ; date:1999-4-19|user:ATVPDKIKX0DER|score:1|votes:0|help:0 ; date:1999-4-19|user:ATVPDKIKX0DER|score:1|votes:0|help:0 ; date:1999-4-19|user:ATVPDKIKX0DER|score:1|votes:0|help:0 ; date:1999-4-19|user:ATVPDKIKX0DER|score:2|votes:0|help:0 ; date:1999-4-19|user:ATVPDKIKX0DER|score:5|votes:1|help:0 ; date:1999-4-19|user:ATVPDKIKX0DER|score:5|votes:0|help:0 ; date:1999-4-20|user:A27ZA3N8K58AJH|score:4|votes:0|help:0 ; date:1999-4-21|user:ATVPDKIKX0DER|score:3|votes:0|help:0 ; date:1999-4-24|user:A84VLY656525L|score:2|votes:0|help:0 ; date:1999-4-24|user:AQC43EVANESFQ|score:5|votes:1|help:0 ; date:1999-4-24|user:ATVPDKIKX0DER|score:3|votes:0|help:0 ; date:1999-4-25|user:AAOSFM9D3FJLS|score:4|votes:0|help:0 ; date:1999-4-25|user:ATVPDKIKX0DER|score:1|votes:0|help:0 ; date:1999-4-25|user:ATVPDKIKX0DER|score:4|votes:0|help:0 ; date:1999-4-26|user:A1LR1RY69D089V|score:3|votes:0|help:0 ; date:1999-4-26|user:ATVPDKIKX0DER|score:2|votes:0|help:0 ; date:1999-4-26|user:ATVPDKIKX0DER|score:2|votes:0|help:0 ; date:1999-4-26|user:ATVPDKIKX0DER|score:3|votes:0|help:0 ; date:1999-4-26|user:ATVPDKIKX0DER|score:4|votes:0|help:0 ; date:1999-4-27|user:ATVPDKIKX0DER|score:1|votes:1|help:0 ; date:1999-4-28|user:ATVPDKIKX0DER|score:1|votes:1|help:1 ; date:1999-4-28|user:ATVPDKIKX0DER|score:5|votes:0|help:0 ; date:1999-4-29|user:ATVPDKIKX0DER|score:1|votes:1|help:1 ; date:1999-4-30|user:A3676G2T6A0BAQ|score:3|votes:0|help:0 ; date:1999-4-30|user:ATVPDKIKX0DER|score:1|votes:0|help:0 ; date:1999-4-30|user:ATVPDKIKX0DER|score:4|votes:0|help:0 ; date:1999-5-2|user:A1EDOWER7RO6KZ|score:1|votes:1|help:1 ; date:1999-5-2|user:ATVPDKIKX0DER|score:4|votes:0|help:0 ; date:1999-5-2|user:ATVPDKIKX0DER|score:4|votes:0|help:0 ; date:1999-5-4|user:A2IP9ODLK2EYZ1|score:5|votes:1|help:1 ; date:1999-5-4|user:A3961PLJ9WCN7G|score:2|votes:1|help:1 ; date:1999-5-4|user:ASIGT977FW4Q4|score:2|votes:1|help:1 ; date:1999-5-4|user:ATVPDKIKX0DER|score:1|votes:1|help:1 ; date:1999-5-4|user:ATVPDKIKX0DER|score:3|votes:0|help:0 ; date:1999-5-4|user:ATVPDKIKX0DER|score:5|votes:0|help:0 ; date:1999-5-5|user:ATVPDKIKX0DER|score:2|votes:0|help:0 ; date:1999-5-6|user:ATVPDKIKX0DER|score:2|votes:0|help:0 ; date:1999-5-7|user:A344A9OFZ4SSU4|score:5|votes:1|help:0 ; date:1999-5-7|user:ATVPDKIKX0DER|score:1|votes:0|help:0 ; date:1999-5-7|user:ATVPDKIKX0DER|score:3|votes:0|help:0 ; date:1999-5-7|user:ATVPDKIKX0DER|score:5|votes:1|help:0 ; date:1999-5-8|user:ATVPDKIKX0DER|score:4|votes:0|help:0 ; date:1999-5-9|user:A1UAM55V83KXFG|score:1|votes:0|help:0 ; date:1999-5-9|user:A2IJNPZ0GG0ZXA|score:2|votes:3|help:1 ; date:1999-5-9|user:A38R64ZNMUR2JL|score:3|votes:0|help:0 ; date:1999-5-9|user:ATVPDKIKX0DER|score:4|votes:0|help:0 ; date:1999-5-9|user:ATVPDKIKX0DER|score:4|votes:0|help:0 ; date:1999-5-10|user:ATVPDKIKX0DER|score:1|votes:1|help:1 ; date:1999-5-10|user:ATVPDKIKX0DER|score:1|votes:0|help:0 ; date:1999-5-10|user:ATVPDKIKX0DER|score:4|votes:0|help:0 ; date:1999-5-11|user:A23F72Z5JCVJYE|score:4|votes:0|help:0 ; date:1999-5-11|user:ATVPDKIKX0DER|score:1|votes:0|help:0 ; date:1999-5-11|user:ATVPDKIKX0DER|score:1|votes:4|help:3 ; date:1999-5-11|user:ATVPDKIKX0DER|score:3|votes:0|help:0 ; date:1999-5-11|user:ATVPDKIKX0DER|score:3|votes:0|help:0 ; date:1999-5-12|user:A2D9XUH7T1GFYR|score:1|votes:4|help:4 ; date:1999-5-12|user:ATVPDKIKX0DER|score:5|votes:0|help:0 ; date:1999-5-13|user:ATVPDKIKX0DER|score:1|votes:0|help:0 ; date:1999-5-13|user:ATVPDKIKX0DER|score:2|votes:0|help:0 ; date:1999-5-13|user:ATVPDKIKX0DER|score:3|votes:0|help:0 ; date:1999-5-15|user:ATVPDKIKX0DER|score:5|votes:0|help:0 ; date:1999-5-16|user:ATVPDKIKX0DER|score:3|votes:0|help:0 ; date:1999-5-17|user:ATVPDKIKX0DER|score:3|votes:0|help:0 ; date:1999-5-17|user:ATVPDKIKX0DER|score:5|votes:0|help:0 ; date:1999-5-19|user:A1G0NGQ1N1PNTH|score:4|votes:0|help:0 ; date:1999-5-20|user:A3L3CUKFXAFORD|score:3|votes:0|help:0 ; date:1999-5-20|user:ATVPDKIKX0DER|score:1|votes:0|help:0 ; date:1999-5-20|user:ATVPDKIKX0DER|score:3|votes:0|help:0 ; date:1999-5-21|user:ATVPDKIKX0DER|score:5|votes:0|help:0 ; date:1999-5-22|user:ATVPDKIKX0DER|score:4|votes:0|help:0 ; date:1999-5-24|user:A2O66D0LKBEZU3|score:2|votes:0|help:0 ; date:1999-5-24|user:ATVPDKIKX0DER|score:3|votes:0|help:0 ; date:1999-5-24|user:ATVPDKIKX0DER|score:4|votes:0|help:0 ; date:1999-5-25|user:ATVPDKIKX0DER|score:1|votes:0|help:0 ; date:1999-5-25|user:ATVPDKIKX0DER|score:4|votes:0|help:0 ; date:1999-5-27|user:A1F46AAL27QP4E|score:1|votes:0|help:0 ; date:1999-5-27|user:A1RM4QKX96ROYX|score:2|votes:0|help:0 ; date:1999-5-27|user:A2RCUXB7NOC4F4|score:1|votes:0|help:0 ; date:1999-5-28|user:ATVPDKIKX0DER|score:1|votes:0|help:0 ; date:1999-5-29|user:A2IKZT9DH9QJBO|score:3|votes:0|help:0 ; date:1999-5-29|user:ATVPDKIKX0DER|score:4|votes:0|help:0 ; date:1999-5-31|user:ARQ1EFOGGTPKW|score:3|votes:0|help:0 ; date:1999-5-31|user:ATVPDKIKX0DER|score:2|votes:2|help:2 ; date:1999-5-31|user:ATVPDKIKX0DER|score:4|votes:0|help:0 ; date:1999-5-31|user:ATVPDKIKX0DER|score:5|votes:1|help:1 ; date:1999-5-31|user:ATVPDKIKX0DER|score:5|votes:1|help:0 ; date:1999-6-1|user:ATVPDKIKX0DER|score:1|votes:0|help:0 ; date:1999-6-1|user:ATVPDKIKX0DER|score:2|votes:0|help:0 ; date:1999-6-2|user:A2VCWKOXQJO3Z3|score:5|votes:0|help:0 ; date:1999-6-2|user:A8UFJGI382BAB|score:5|votes:1|help:0 ; date:1999-6-2|user:ATVPDKIKX0DER|score:2|votes:0|help:0 ; date:1999-6-2|user:ATVPDKIKX0DER|score:2|votes:0|help:0 ; date:1999-6-2|user:ATVPDKIKX0DER|score:3|votes:0|help:0 ; date:1999-6-2|user:ATVPDKIKX0DER|score:5|votes:0|help:0 ; date:1999-6-3|user:A206MBJEWU1LTE|score:1|votes:1|help:1 ; date:1999-6-4|user:ATVPDKIKX0DER|score:1|votes:1|help:1 ; date:1999-6-4|user:ATVPDKIKX0DER|score:3|votes:0|help:0 ; date:1999-6-5|user:ATVPDKIKX0DER|score:2|votes:0|help:0 ; date:1999-6-5|user:ATVPDKIKX0DER|score:5|votes:1|help:0 ; date:1999-6-6|user:A2F718N0W76E1I|score:3|votes:0|help:0 ; date:1999-6-6|user:ATVPDKIKX0DER|score:3|votes:0|help:0 ; date:1999-6-6|user:ATVPDKIKX0DER|score:5|votes:1|help:0 ; date:1999-6-7|user:ATVPDKIKX0DER|score:5|votes:0|help:0 ; date:1999-6-8|user:ATVPDKIKX0DER|score:1|votes:0|help:0 ; date:1999-6-8|user:ATVPDKIKX0DER|score:5|votes:0|help:0 ; date:1999-6-9|user:ATVPDKIKX0DER|score:2|votes:0|help:0 ; date:1999-6-10|user:A1PEKEZTSDJAVH|score:1|votes:1|help:1 ; date:1999-6-10|user:ATVPDKIKX0DER|score:5|votes:0|help:0 ; date:1999-6-12|user:ATVPDKIKX0DER|score:3|votes:0|help:0 ; date:1999-6-12|user:ATVPDKIKX0DER|score:5|votes:0|help:0 ; date:1999-6-14|user:A1JEZI4Y411YCM|score:2|votes:0|help:0 ; date:1999-6-14|user:ATVPDKIKX0DER|score:3|votes:0|help:0 ; date:1999-6-17|user:A2DR04X1P88QUE|score:2|votes:0|help:0 ; date:1999-6-17|user:ATVPDKIKX0DER|score:2|votes:0|help:0 ; date:1999-6-17|user:ATVPDKIKX0DER|score:2|votes:2|help:2 ; date:1999-6-17|user:ATVPDKIKX0DER|score:3|votes:0|help:0 ; date:1999-6-18|user:ATVPDKIKX0DER|score:1|votes:0|help:0 ; date:1999-6-18|user:ATVPDKIKX0DER|score:2|votes:0|help:0 ; date:1999-6-18|user:ATVPDKIKX0DER|score:3|votes:0|help:0 ; date:1999-6-18|user:ATVPDKIKX0DER|score:3|votes:0|help:0 ; date:1999-6-18|user:ATVPDKIKX0DER|score:4|votes:2|help:1 ; date:1999-6-18|user:ATVPDKIKX0DER|score:5|votes:3|help:0 ; date:1999-6-19|user:A1M36RIBC6IT7F|score:4|votes:3|help:2 ; date:1999-6-19|user:ATVPDKIKX0DER|score:5|votes:0|help:0 ; date:1999-6-20|user:ATVPDKIKX0DER|score:3|votes:0|help:0 ; date:1999-6-20|user:ATVPDKIKX0DER|score:5|votes:1|help:0 ; date:1999-6-21|user:A3V517OBGYP36A|score:2|votes:0|help:0 ; date:1999-6-21|user:ATVPDKIKX0DER|score:1|votes:0|help:0 ; date:1999-6-22|user:A3F2JI2QVS9I0V|score:1|votes:1|help:1 ; date:1999-6-22|user:ATVPDKIKX0DER|score:1|votes:0|help:0 ; date:1999-6-23|user:ATVPDKIKX0DER|score:2|votes:0|help:0 ; date:1999-6-24|user:A139E64V73HTPX|score:3|votes:0|help:0 ; date:1999-6-25|user:A1D3LBBRO47B7G|score:3|votes:0|help:0 ; date:1999-6-26|user:A2K47X2A658ZRC|score:1|votes:0|help:0 ; date:1999-6-26|user:ATVPDKIKX0DER|score:5|votes:0|help:0 ; date:1999-6-27|user:A1XJ0DV3P32KTK|score:3|votes:0|help:0 ; date:1999-6-27|user:ATVPDKIKX0DER|score:1|votes:0|help:0 ; date:1999-6-28|user:ATVPDKIKX0DER|score:2|votes:4|help:2 ; date:1999-6-29|user:AIYFUW8IGEAE2|score:5|votes:0|help:0 ; date:1999-6-29|user:ATVPDKIKX0DER|score:1|votes:0|help:0 ; date:1999-6-29|user:ATVPDKIKX0DER|score:2|votes:0|help:0 ; date:1999-6-29|user:ATVPDKIKX0DER|score:5|votes:1|help:0 ; date:1999-7-1|user:ATVPDKIKX0DER|score:1|votes:0|help:0 ; date:1999-7-3|user:ATVPDKIKX0DER|score:2|votes:0|help:0 ; date:1999-7-3|user:ATVPDKIKX0DER|score:5|votes:1|help:0 ; date:1999-7-4|user:A39FH4TT6N6E77|score:1|votes:1|help:1 ; date:1999-7-4|user:ATVPDKIKX0DER|score:4|votes:0|help:0 ; date:1999-7-5|user:A1HBYK8EUSSJB2|score:1|votes:1|help:1 ; date:1999-7-5|user:ATVPDKIKX0DER|score:1|votes:1|help:1 ; date:1999-7-5|user:ATVPDKIKX0DER|score:5|votes:1|help:0 ; date:1999-7-6|user:A3EKHFRVU0QKWP|score:3|votes:0|help:0 ; date:1999-7-6|user:AA3N5ECOLEGTL|score:1|votes:1|help:1 ; date:1999-7-6|user:ATVPDKIKX0DER|score:1|votes:10|help:10 ; date:1999-7-6|user:ATVPDKIKX0DER|score:5|votes:2|help:1 ; date:1999-7-7|user:A8DNKSPX9QLUG|score:2|votes:0|help:0 ; date:1999-7-8|user:A1FKQHZGPNPKTA|score:4|votes:0|help:0 ; date:1999-7-8|user:A1THULWVQV8C8Q|score:1|votes:0|help:0 ; date:1999-7-8|user:ATVPDKIKX0DER|score:2|votes:1|help:1 ; date:1999-7-9|user:A2851G6I81ORK4|score:1|votes:0|help:0 ; date:1999-7-10|user:A2E87TFJLKP87Y|score:3|votes:0|help:0 ; date:1999-7-10|user:ATVPDKIKX0DER|score:3|votes:0|help:0 ; date:1999-7-11|user:A15PYN1FFY9PBX|score:1|votes:0|help:0 ; date:1999-7-11|user:A35P5BDIV1D1V3|score:1|votes:0|help:0 ; date:1999-7-11|user:A3O66PGH1JYF4C|score:4|votes:0|help:0 ; date:1999-7-11|user:ASH9XAZTNXLZN|score:1|votes:0|help:0 ; date:1999-7-11|user:ATVPDKIKX0DER|score:2|votes:0|help:0 ; date:1999-7-11|user:ATVPDKIKX0DER|score:2|votes:0|help:0 ; date:1999-7-12|user:A1S69QJRUTBBR5|score:3|votes:0|help:0 ; date:1999-7-12|user:A5LAX8V4CTXJ0|score:2|votes:0|help:0 ; date:1999-7-12|user:ATVPDKIKX0DER|score:3|votes:0|help:0 ; date:1999-7-13|user:A1FJURPP3DO78T|score:2|votes:0|help:0 ; date:1999-7-13|user:ATVPDKIKX0DER|score:4|votes:0|help:0 ; date:1999-7-13|user:ATVPDKIKX0DER|score:5|votes:0|help:0 ; date:1999-7-14|user:ATVPDKIKX0DER|score:2|votes:0|help:0 ; date:1999-7-14|user:ATVPDKIKX0DER|score:4|votes:0|help:0 ; date:1999-7-15|user:A2GKKVFE5ZQBOO|score:4|votes:0|help:0 ; date:1999-7-15|user:ATVPDKIKX0DER|score:4|votes:0|help:0 ; date:1999-7-16|user:ATVPDKIKX0DER|score:1|votes:1|help:1 ; date:1999-7-16|user:ATVPDKIKX0DER|score:3|votes:0|help:0 ; date:1999-7-17|user:A3TUFSMHMX7X21|score:3|votes:0|help:0 ; date:1999-7-17|user:APKJ1GHFAO9P3|score:2|votes:0|help:0 ; date:1999-7-17|user:AS7U71Q99LCMZ|score:5|votes:0|help:0 ; date:1999-7-20|user:ATVPDKIKX0DER|score:1|votes:1|help:1 ; date:1999-7-20|user:ATVPDKIKX0DER|score:2|votes:1|help:1 ; date:1999-7-20|user:ATVPDKIKX0DER|score:3|votes:0|help:0 ; date:1999-7-21|user:A1276YFHKZOBW8|score:5|votes:0|help:0 ; date:1999-7-21|user:A3AJRFLLBGQZ2N|score:4|votes:0|help:0 ; date:1999-7-21|user:ALM4ZPAXNU053|score:5|votes:0|help:0 ; date:1999-7-21|user:ATVPDKIKX0DER|score:2|votes:0|help:0 ; date:1999-7-24|user:ATVPDKIKX0DER|score:1|votes:0|help:0 ; date:1999-7-24|user:ATVPDKIKX0DER|score:4|votes:1|help:0 ; date:1999-7-27|user:ATVPDKIKX0DER|score:1|votes:0|help:0 ; date:1999-7-27|user:ATVPDKIKX0DER|score:1|votes:1|help:1 ; date:1999-7-27|user:ATVPDKIKX0DER|score:5|votes:0|help:0 ; date:1999-7-28|user:ATVPDKIKX0DER|score:3|votes:1|help:1 ; date:1999-7-29|user:A37SOQDK3WUADE|score:5|votes:0|help:0 ; date:1999-7-29|user:ATVPDKIKX0DER|score:1|votes:0|help:0 ; date:1999-7-29|user:ATVPDKIKX0DER|score:4|votes:0|help:0 ; date:1999-7-30|user:A3080PXPPETD3J|score:4|votes:0|help:0 ; date:1999-7-30|user:ATVPDKIKX0DER|score:1|votes:1|help:1 ; date:1999-7-31|user:ATVPDKIKX0DER|score:1|votes:1|help:1 ; date:1999-7-31|user:ATVPDKIKX0DER|score:1|votes:0|help:0 ; date:1999-7-31|user:ATVPDKIKX0DER|score:3|votes:0|help:0 ; date:1999-8-1|user:A2IVYH6HVL46EF|score:2|votes:0|help:0 ; date:1999-8-1|user:ATVPDKIKX0DER|score:2|votes:1|help:1 ; date:1999-8-1|user:ATVPDKIKX0DER|score:5|votes:1|help:1 ; date:1999-8-2|user:A1VFGBQZMVJFX7|score:4|votes:0|help:0 ; date:1999-8-2|user:A3NAJMHGBWJWTN|score:5|votes:0|help:0 ; date:1999-8-2|user:ATVPDKIKX0DER|score:5|votes:0|help:0 ; date:1999-8-3|user:ATVPDKIKX0DER|score:2|votes:0|help:0 ; date:1999-8-3|user:ATVPDKIKX0DER|score:5|votes:0|help:0 ; date:1999-8-4|user:A264RVXAW1VC7Z|score:4|votes:0|help:0 ; date:1999-8-4|user:A2GVZ1VIR2FKUD|score:1|votes:0|help:0 ; date:1999-8-4|user:AZHPJACO9R8QN|score:1|votes:0|help:0 ; date:1999-8-6|user:ATVPDKIKX0DER|score:3|votes:1|help:1 ; date:1999-8-6|user:ATVPDKIKX0DER|score:3|votes:0|help:0 ; date:1999-8-7|user:ATVPDKIKX0DER|score:2|votes:0|help:0 ; date:1999-8-7|user:ATVPDKIKX0DER|score:4|votes:0|help:0 ; date:1999-8-8|user:ATVPDKIKX0DER|score:2|votes:0|help:0 ; date:1999-8-9|user:AGE0M7GK7OSXI|score:3|votes:0|help:0 ; date:1999-8-9|user:ATVPDKIKX0DER|score:1|votes:0|help:0 ; date:1999-8-9|user:ATVPDKIKX0DER|score:2|votes:0|help:0 ; date:1999-8-9|user:ATVPDKIKX0DER|score:3|votes:0|help:0 ; date:1999-8-10|user:A3508R742HNMQV|score:5|votes:0|help:0 ; date:1999-8-11|user:A32CKZ6BXMW8HO|score:3|votes:0|help:0 ; date:1999-8-13|user:ATVPDKIKX0DER|score:3|votes:0|help:0 ; date:1999-8-14|user:ATVPDKIKX0DER|score:4|votes:0|help:0 ; date:1999-8-16|user:A1DZ0FPQ84HVDP|score:2|votes:0|help:0 ; date:1999-8-16|user:A1MOCS6RC8746A|score:2|votes:0|help:0 ; date:1999-8-16|user:ATVPDKIKX0DER|score:1|votes:0|help:0 ; date:1999-8-16|user:ATVPDKIKX0DER|score:5|votes:0|help:0 ; date:1999-8-22|user:ATVPDKIKX0DER|score:2|votes:0|help:0 ; date:1999-8-22|user:ATVPDKIKX0DER|score:5|votes:0|help:0 ; date:1999-8-23|user:A2QC77XAPSQ5HA|score:1|votes:1|help:1 ; date:1999-8-23|user:ATVPDKIKX0DER|score:4|votes:0|help:0 ; date:1999-8-23|user:ATVPDKIKX0DER|score:5|votes:0|help:0 ; date:1999-8-23|user:ATVPDKIKX0DER|score:5|votes:0|help:0 ; date:1999-8-24|user:A12H3TG40DWDO|score:5|votes:0|help:0 ; date:1999-8-25|user:ATVPDKIKX0DER|score:1|votes:0|help:0 ; date:1999-8-25|user:ATVPDKIKX0DER|score:2|votes:1|help:0 ; date:1999-8-25|user:ATVPDKIKX0DER|score:4|votes:0|help:0 ; date:1999-8-27|user:ATVPDKIKX0DER|score:1|votes:0|help:0 ; date:1999-8-29|user:ATVPDKIKX0DER|score:2|votes:0|help:0 ; date:1999-8-29|user:ATVPDKIKX0DER|score:4|votes:0|help:0 ; date:1999-8-30|user:A1U2M5WX6K3W9F|score:1|votes:2|help:1 ; date:1999-8-30|user:A26881C46IWAVB|score:2|votes:0|help:0 ; date:1999-8-31|user:ATVPDKIKX0DER|score:3|votes:0|help:0 ; date:1999-8-31|user:ATVPDKIKX0DER|score:5|votes:0|help:0 ; date:1999-9-2|user:ATVPDKIKX0DER|score:4|votes:0|help:0 ; date:1999-9-7|user:A29II44QY7U8P0|score:5|votes:0|help:0 ; date:1999-9-8|user:A9JJ0LTHA4L28|score:4|votes:0|help:0 ; date:1999-9-8|user:ATVPDKIKX0DER|score:5|votes:1|help:0 ; date:1999-9-9|user:A1QU97H96GH15B|score:1|votes:0|help:0 ; date:1999-9-9|user:A2Q8ZBLKMRYL4M|score:5|votes:0|help:0 ; date:1999-9-9|user:AHGWCGLK2DYNK|score:4|votes:0|help:0 ; date:1999-9-10|user:ATVPDKIKX0DER|score:5|votes:1|help:0 ; date:1999-9-11|user:ATVPDKIKX0DER|score:3|votes:0|help:0 ; date:1999-9-12|user:A5LEYPKH7CRCO|score:5|votes:1|help:1 ; date:1999-9-12|user:ATVPDKIKX0DER|score:5|votes:0|help:0 ; date:1999-9-13|user:ATVPDKIKX0DER|score:1|votes:0|help:0 ; date:1999-9-14|user:A1TXT622D05VKS|score:2|votes:0|help:0 ; date:1999-9-14|user:ATVPDKIKX0DER|score:5|votes:2|help:1 ; date:1999-9-15|user:ATVPDKIKX0DER|score:1|votes:0|help:0 ; date:1999-9-17|user:A2VOJ8H90OCWA6|score:3|votes:0|help:0 ; date:1999-9-17|user:ATVPDKIKX0DER|score:1|votes:0|help:0 ; date:1999-9-18|user:ATVPDKIKX0DER|score:4|votes:0|help:0 ; date:1999-9-19|user:ATVPDKIKX0DER|score:2|votes:0|help:0 ; date:1999-9-21|user:AA6PW152CD9WU|score:5|votes:2|help:0 ; date:1999-9-22|user:ATVPDKIKX0DER|score:5|votes:0|help:0 ; date:1999-9-23|user:ATVPDKIKX0DER|score:3|votes:0|help:0 ; date:1999-9-23|user:ATVPDKIKX0DER|score:5|votes:1|help:0 ; date:1999-9-25|user:ATVPDKIKX0DER|score:2|votes:0|help:0 ; date:1999-9-26|user:AWDXFHQWR16K|score:5|votes:1|help:0 ; date:1999-9-27|user:A1EDOWER7RO6KZ|score:1|votes:1|help:1 ; date:1999-9-27|user:AQTOD3BJS8Y2W|score:5|votes:1|help:1 ; date:1999-9-30|user:ATVPDKIKX0DER|score:5|votes:0|help:0 ; date:1999-10-1|user:A3JZGOO23XYWLZ|score:1|votes:0|help:0 ; date:1999-10-2|user:A9OPWNBJY5OAS|score:2|votes:0|help:0 ; date:1999-10-3|user:ATVPDKIKX0DER|score:5|votes:3|help:1 ; date:1999-10-5|user:A3J3ML6FAQBN0M|score:2|votes:0|help:0 ; date:1999-10-6|user:ATVPDKIKX0DER|score:4|votes:0|help:0 ; date:1999-10-7|user:ATVPDKIKX0DER|score:3|votes:0|help:0 ; date:1999-10-7|user:ATVPDKIKX0DER|score:3|votes:0|help:0 ; date:1999-10-8|user:AEXNV3ZWAGY6B|score:4|votes:0|help:0 ; date:1999-10-8|user:ATVPDKIKX0DER|score:1|votes:3|help:2 ; date:1999-10-9|user:ATVPDKIKX0DER|score:1|votes:3|help:2 ; date:1999-10-9|user:ATVPDKIKX0DER|score:4|votes:1|help:1 ; date:1999-10-10|user:ATVPDKIKX0DER|score:1|votes:3|help:2 ; date:1999-10-11|user:AIKIV6PD6TNVP|score:2|votes:2|help:1 ; date:1999-10-11|user:ATVPDKIKX0DER|score:3|votes:1|help:0 ; date:1999-10-11|user:ATVPDKIKX0DER|score:5|votes:2|help:1 ; date:1999-10-14|user:ARSB0EX34SX24|score:1|votes:6|help:4 ; date:1999-10-14|user:ATVPDKIKX0DER|score:1|votes:2|help:1 ; date:1999-10-14|user:ATVPDKIKX0DER|score:1|votes:2|help:1 ; date:1999-10-14|user:ATVPDKIKX0DER|score:3|votes:0|help:0 ; date:1999-10-14|user:ATVPDKIKX0DER|score:4|votes:1|help:1 ; date:1999-10-17|user:ATVPDKIKX0DER|score:1|votes:5|help:4 ; date:1999-10-17|user:ATVPDKIKX0DER|score:2|votes:1|help:0 ; date:1999-10-17|user:ATVPDKIKX0DER|score:3|votes:0|help:0 ; date:1999-10-17|user:ATVPDKIKX0DER|score:4|votes:0|help:0 ; date:1999-10-18|user:ATVPDKIKX0DER|score:3|votes:0|help:0 ; date:1999-10-21|user:A35LFNQ0DS6LNX|score:4|votes:1|help:0 ; date:1999-10-21|user:ATVPDKIKX0DER|score:2|votes:2|help:1 ; date:1999-10-21|user:ATVPDKIKX0DER|score:3|votes:0|help:0 ; date:1999-10-21|user:ATVPDKIKX0DER|score:4|votes:2|help:1 ; date:1999-10-24|user:ATVPDKIKX0DER|score:1|votes:5|help:2 ; date:1999-10-24|user:ATVPDKIKX0DER|score:3|votes:1|help:0 ; date:1999-10-24|user:ATVPDKIKX0DER|score:3|votes:1|help:1 ; date:1999-10-24|user:ATVPDKIKX0DER|score:3|votes:0|help:0 ; date:1999-10-25|user:A19N3OM5TU5WGJ|score:1|votes:3|help:2 ; date:1999-10-25|user:ADNKFW3W5GRPX|score:3|votes:1|help:1 ; date:1999-10-25|user:ATVPDKIKX0DER|score:1|votes:2|help:1 ; date:1999-10-25|user:ATVPDKIKX0DER|score:5|votes:3|help:1 ; date:1999-10-26|user:ATVPDKIKX0DER|score:1|votes:7|help:6 ; date:1999-10-26|user:ATVPDKIKX0DER|score:5|votes:4|help:1 ; date:1999-10-29|user:ATVPDKIKX0DER|score:2|votes:1|help:1 ; date:1999-10-29|user:ATVPDKIKX0DER|score:4|votes:3|help:0 ; date:1999-10-30|user:ATVPDKIKX0DER|score:3|votes:2|help:2 ; date:1999-10-30|user:AZDQEX0UB2OWR|score:5|votes:4|help:1 ; date:1999-10-31|user:A39HFINWBSR762|score:5|votes:3|help:1 ; date:1999-10-31|user:ATVPDKIKX0DER|score:2|votes:1|help:1 ; date:1999-11-2|user:ATVPDKIKX0DER|score:2|votes:0|help:0 ; date:1999-11-3|user:ATVPDKIKX0DER|score:3|votes:1|help:0 ; date:1999-11-3|user:ATVPDKIKX0DER|score:4|votes:1|help:0 ; date:1999-11-4|user:ATVPDKIKX0DER|score:3|votes:0|help:0 ; date:1999-11-5|user:ATVPDKIKX0DER|score:2|votes:3|help:2 ; date:1999-11-6|user:ATVPDKIKX0DER|score:1|votes:5|help:4 ; date:1999-11-6|user:ATVPDKIKX0DER|score:5|votes:4|help:1 ; date:1999-11-9|user:A1REP7XLFY9S7Q|score:2|votes:5|help:4 ; date:1999-11-9|user:ATVPDKIKX0DER|score:2|votes:2|help:1 ; date:1999-11-9|user:ATVPDKIKX0DER|score:3|votes:1|help:1 ; date:1999-11-10|user:ATVPDKIKX0DER|score:1|votes:5|help:3 ; date:1999-11-15|user:A66Q74RIJEDRY|score:1|votes:11|help:7 ; date:1999-11-16|user:ATVPDKIKX0DER|score:3|votes:7|help:3 ; date:1999-11-18|user:A2BW1PN7F6NP7X|score:1|votes:22|help:14 ; date:1999-11-18|user:ATVPDKIKX0DER|score:4|votes:12|help:5 ; date:1999-11-20|user:A2QU831ML8ADLY|score:3|votes:9|help:5 ; date:1999-11-23|user:A5416G3VHLRD5|score:5|votes:6|help:4 ; date:1999-11-24|user:A994GD1MGAWW2|score:4|votes:19|help:13 ; date:1999-11-25|user:AVU290CKC8SU7|score:3|votes:31|help:27 ; date:1999-11-26|user:AWQ5CHARRGCA6|score:2|votes:2|help:2 ; date:1999-11-28|user:A1MIAGAQRG8O8M|score:3|votes:2|help:1 ; date:1999-11-28|user:AP5NXS66INNOB|score:1|votes:12|help:9 ; date:1999-11-29|user:A1WWLZ4SWEFM9P|score:2|votes:4|help:3 ; date:1999-11-29|user:A3OETQARCM00DI|score:1|votes:37|help:19 ; date:1999-11-29|user:AVBJB706F8H0G|score:4|votes:11|help:6 ; date:1999-11-30|user:A1TC9OQSIBVV7V|score:2|votes:8|help:5 ; date:1999-12-1|user:A1KYYG3P6CG4MF|score:4|votes:20|help:2 ; date:1999-12-3|user:A18WQ5R2UYU1CO|score:3|votes:4|help:4 ; date:1999-12-3|user:A1U5XN1T2FSZZT|score:1|votes:6|help:6 ; date:1999-12-4|user:A3LW8Y0WB4E37F|score:2|votes:4|help:4 ; date:1999-12-6|user:A2JGAAA2J53JO5|score:4|votes:6|help:5 ; date:1999-12-6|user:A2M1SRPEOL08ZX|score:1|votes:15|help:10 ; date:1999-12-6|user:A3SYHALCWZ8GOA|score:2|votes:8|help:7 ; date:1999-12-8|user:A2KSE0BOR32QHR|score:2|votes:17|help:9 ; date:1999-12-9|user:A1JY8NFN0JIJJ5|score:5|votes:13|help:3 ; date:1999-12-9|user:A33VHF9GPYYUTX|score:2|votes:28|help:16 ; date:1999-12-11|user:A1P0NO3LY509V6|score:5|votes:8|help:2 ; date:1999-12-14|user:ADL39F8DRRYWU|score:3|votes:0|help:0 ; date:1999-12-15|user:A1M54DPQMJ2GPH|score:5|votes:1|help:1 ; date:1999-12-15|user:A8B6T7TJZR7O5|score:3|votes:3|help:2 ; date:1999-12-16|user:A2TEP48QU2FWA2|score:5|votes:3|help:2 ; date:1999-12-16|user:AD9L1MZGOC0RW|score:2|votes:0|help:0 ; date:1999-12-17|user:A3KY8JGAC98PSY|score:5|votes:9|help:2 ; date:1999-12-18|user:ARBU68M7ROUCR|score:3|votes:1|help:0 ; date:1999-12-19|user:A2BW1PN7F6NP7X|score:1|votes:4|help:3 ; date:1999-12-20|user:A17OGL7EASZUMG|score:1|votes:3|help:2 ; date:1999-12-20|user:A1NIZ31CMAFL3G|score:3|votes:1|help:1 ; date:1999-12-20|user:A1SQ1TZF6S6KYB|score:5|votes:3|help:3 ; date:1999-12-20|user:A1VE81VSG41GP2|score:1|votes:2|help:1 ; date:1999-12-21|user:A190KWLAZG7L2Q|score:1|votes:3|help:2 ; date:1999-12-22|user:A13S52NEIDJE1O|score:4|votes:0|help:0 ; date:1999-12-22|user:A14DB2C9CLFWZW|score:3|votes:0|help:0 ; date:1999-12-24|user:A3QJGSXXUD7D7W|score:5|votes:0|help:0 ; date:1999-12-26|user:A28K77W5F4V32O|score:3|votes:2|help:2 ; date:1999-12-26|user:A2P1AXQAYKA60U|score:3|votes:2|help:1 ; date:1999-12-26|user:A3RWIWCRLT00B4|score:4|votes:1|help:0 ; date:1999-12-26|user:AAY1540I9P46G|score:3|votes:0|help:0 ; date:1999-12-26|user:APJIU077UOOJV|score:2|votes:4|help:4 ; date:1999-12-26|user:AVS1C16CA1409|score:3|votes:2|help:1 ; date:1999-12-28|user:A17YG60BK1FKGC|score:4|votes:3|help:2 ; date:1999-12-28|user:A1YFYXQTY7H6O2|score:1|votes:8|help:3 ; date:1999-12-28|user:A38TZYRPLKC4O2|score:5|votes:41|help:25 ; date:1999-12-28|user:A3M15F2PN2GJX5|score:2|votes:4|help:3 ; date:1999-12-29|user:AA9HMKR3NHL9C|score:4|votes:1|help:0 ; date:1999-12-30|user:A2VPLO98G3WV4V|score:4|votes:0|help:0 ; date:1999-12-30|user:A9DM3H44X2XHA|score:5|votes:1|help:0 ; date:1999-12-30|user:AIEQDNCC3NAEE|score:5|votes:0|help:0 ; date:1999-12-31|user:A32TO1DMG88C7H|score:4|votes:0|help:0 ; date:2000-1-1|user:A13JKJ48FVVUEN|score:1|votes:1|help:0 ; date:2000-1-1|user:A2UPDLK21I3TGJ|score:4|votes:1|help:0 ; date:2000-1-1|user:AU7ACMI9CRUHL|score:5|votes:7|help:4 ; date:2000-1-2|user:A3I5DUZO6W5PH0|score:1|votes:15|help:8 ; date:2000-1-2|user:A3MRH3JUZISKGY|score:1|votes:2|help:2 ; date:2000-1-3|user:A3G6WWRBQTPJ22|score:2|votes:3|help:3 ; date:2000-1-4|user:A3J5S7S186K5RV|score:5|votes:12|help:5 ; date:2000-1-5|user:A2S0UEZJVSEX8B|score:4|votes:2|help:2 ; date:2000-1-5|user:A3K2Y8BMJ75GK4|score:4|votes:0|help:0 ; date:2000-1-6|user:A99LMKXP4D1FP|score:2|votes:1|help:0 ; date:2000-1-7|user:A1RDXODN2EZ801|score:4|votes:1|help:1 ; date:2000-1-8|user:A1CEYWONVKTRIF|score:1|votes:3|help:2 ; date:2000-1-9|user:A2V36NCE5U91ZY|score:4|votes:2|help:2 ; date:2000-1-9|user:A3KVETPYNOP723|score:4|votes:5|help:5 ; date:2000-1-10|user:A1CUTUE4L605DA|score:5|votes:0|help:0 ; date:2000-1-10|user:A1DS03DSW4JB2|score:1|votes:2|help:1 ; date:2000-1-10|user:A1J31337RC7P6H|score:3|votes:1|help:1 ; date:2000-1-10|user:A1NQG2FZITS9G7|score:3|votes:0|help:0 ; date:2000-1-10|user:A27T8PPGPMY8IH|score:3|votes:2|help:1 ; date:2000-1-10|user:ALZP9ST4NYZFK|score:4|votes:0|help:0 ; date:2000-1-11|user:AD6XSINY1BZ5R|score:1|votes:1|help:0 ; date:2000-1-12|user:A19RGE05NBXGS6|score:2|votes:4|help:3 ; date:2000-1-12|user:A1H7K90FU0T61|score:5|votes:1|help:1 ; date:2000-1-12|user:A2BVS6XJDKK87F|score:4|votes:1|help:1 ; date:2000-1-12|user:A3732QVYBD3HY6|score:4|votes:0|help:0 ; date:2000-1-12|user:AYKNKC8JRYIJM|score:3|votes:4|help:4 ; date:2000-1-13|user:A1694EXNXLMX5E|score:4|votes:0|help:0 ; date:2000-1-13|user:A1QRQZE5YYGSGP|score:3|votes:1|help:1 ; date:2000-1-14|user:A2FFVTWSP02D7Q|score:4|votes:0|help:0 ; date:2000-1-15|user:A26778GE2QF2SE|score:3|votes:1|help:0 ; date:2000-1-17|user:A2R320CXM99Q0Y|score:3|votes:1|help:0 ; date:2000-1-18|user:A1Z46E3G016ZPR|score:4|votes:4|help:3 ; date:2000-1-22|user:A10KKJMBY5L7TK|score:3|votes:2|help:1 ; date:2000-1-22|user:A35MNDYGO2Y7L9|score:4|votes:10|help:9 ; date:2000-1-22|user:AEB45TKHZI37F|score:3|votes:5|help:0 ; date:2000-1-23|user:A1SNROO2O0NX0F|score:2|votes:4|help:1 ; date:2000-1-24|user:A2UZMJXAJ93UYR|score:4|votes:5|help:4 ; date:2000-1-25|user:A1CI2QYIARD4IZ|score:1|votes:2|help:0 ; date:2000-1-25|user:A29A6V4TVVZG3Z|score:1|votes:8|help:4 ; date:2000-1-25|user:A30YO0NEGU6N7O|score:5|votes:11|help:10 ; date:2000-1-26|user:A1LVLO2IQMO9CN|score:3|votes:2|help:2 ; date:2000-1-28|user:A2059NNEFGARQ7|score:1|votes:2|help:1 ; date:2000-1-28|user:A28VOB87SHYRDR|score:1|votes:6|help:4 ; date:2000-1-29|user:AIEQDNCC3NAEE|score:5|votes:4|help:1 ; date:2000-1-30|user:A35AT1DUPIWJIW|score:5|votes:3|help:0 ; date:2000-1-30|user:AU7ACMI9CRUHL|score:5|votes:3|help:2 ; date:2000-1-31|user:A20R3WSNQ9QAD2|score:1|votes:9|help:5 ; date:2000-1-31|user:A2IVRRFX0CEPK7|score:3|votes:1|help:0 ; date:2000-1-31|user:A2Q3ZINH8Y7EKB|score:3|votes:2|help:2 ; date:2000-2-1|user:AHJL2DK3NHZQL|score:3|votes:1|help:1 ; date:2000-2-2|user:A3W1NUPIZ268RV|score:4|votes:3|help:3 ; date:2000-2-4|user:ATVPDKIKX0DER|score:2|votes:0|help:0 ; date:2000-2-5|user:A1ICB6DG108NY9|score:1|votes:4|help:1 ; date:2000-2-5|user:A205TBYQK2UBZT|score:4|votes:2|help:0 ; date:2000-2-5|user:ATVPDKIKX0DER|score:4|votes:6|help:3 ; date:2000-2-6|user:A2402NCEJQ50JI|score:2|votes:16|help:12 ; date:2000-2-7|user:A1LQM8HGS94BFV|score:1|votes:4|help:2 ; date:2000-2-7|user:A2CK2U3QYYS5BK|score:3|votes:5|help:4 ; date:2000-2-9|user:ALOZ0AZMFTHQH|score:3|votes:2|help:0 ; date:2000-2-11|user:A15LYVBC41KCZP|score:5|votes:1|help:0 ; date:2000-2-11|user:A1TJZM12LETOEA|score:4|votes:1|help:1 ; date:2000-2-11|user:A3M6ZJR9B2VNEO|score:2|votes:1|help:0 ; date:2000-2-13|user:A1PTFAQ9BQ87QT|score:3|votes:4|help:4 ; date:2000-2-14|user:A1XDIFPG3HSIV5|score:2|votes:2|help:1 ; date:2000-2-14|user:A2FRVGMHC6HUME|score:3|votes:3|help:2 ; date:2000-2-15|user:A1NQZO1TCN28GD|score:3|votes:3|help:2 ; date:2000-2-16|user:A2G9IMY7H21UA2|score:1|votes:8|help:4 ; date:2000-2-17|user:A33NPU08Z04EKR|score:4|votes:5|help:1 ; date:2000-2-18|user:A30J3VIPOFCA4Y|score:2|votes:0|help:0 ; date:2000-2-20|user:A2WO5BP53ECA7M|score:1|votes:10|help:9 ; date:2000-2-21|user:A1WCFRGB5V8AY5|score:4|votes:1|help:1 ; date:2000-2-21|user:A2N6NZ5UTBOIPN|score:3|votes:0|help:0 ; date:2000-2-23|user:A1ZCMBRQC460EL|score:1|votes:2|help:2 ; date:2000-2-23|user:A1ZO2QV3HRYAWA|score:3|votes:1|help:1 ; date:2000-2-23|user:AXO94P7V6EMQC|score:2|votes:1|help:0 ; date:2000-2-24|user:A2T61ZKW11Q2NI|score:2|votes:0|help:0 ; date:2000-2-26|user:AM8SQVVLC8PW3|score:3|votes:2|help:1 ; date:2000-2-27|user:A1J74IRWR4UUU6|score:2|votes:8|help:7 ; date:2000-2-27|user:A24QHKXBN1FJ6Z|score:2|votes:7|help:6 ; date:2000-2-27|user:A7U0MKRAKUKP1|score:3|votes:0|help:0 ; date:2000-2-27|user:AM8SQVVLC8PW3|score:2|votes:9|help:5 ; date:2000-2-28|user:AFVB957Q8CRW5|score:3|votes:1|help:1 ; date:2000-3-1|user:A2S8JM81RP0UOO|score:3|votes:3|help:2 ; date:2000-3-1|user:A2X9ZXB31ZLIE3|score:5|votes:3|help:3 ; date:2000-3-1|user:A35AB0GUTODEL6|score:5|votes:15|help:5 ; date:2000-3-1|user:AB0VIWOI5MA2W|score:3|votes:3|help:2 ; date:2000-3-2|user:A3RADF20DQJ6I8|score:4|votes:0|help:0 ; date:2000-3-3|user:A3EQLYPCFMODA3|score:4|votes:8|help:7 ; date:2000-3-6|user:AZKA7NPT0F7DH|score:1|votes:7|help:4 ; date:2000-3-8|user:AK00YN59QUDWM|score:5|votes:1|help:0 ; date:2000-3-10|user:ACPMDYXHIR4SP|score:1|votes:5|help:4 ; date:2000-3-13|user:A1HHTG95Q7TE1S|score:1|votes:5|help:1 ; date:2000-3-13|user:AJ1E5FENH4LGS|score:3|votes:0|help:0 ; date:2000-3-13|user:AO4I6U30OQTZJ|score:1|votes:1|help:0 ; date:2000-3-14|user:AXN5C0M02RQJK|score:3|votes:0|help:0 ; date:2000-3-15|user:AFH5N04K7ZL5I|score:4|votes:3|help:2 ; date:2000-3-15|user:AVFXS34WA27QT|score:1|votes:4|help:3 ; date:2000-3-16|user:A1AJ42J64085KU|score:2|votes:3|help:2 ; date:2000-3-16|user:A1YHBYVCHLLTG|score:4|votes:3|help:0 ; date:2000-3-16|user:AMOK261QFNRRL|score:1|votes:7|help:2 ; date:2000-3-17|user:A3QIBAIBALJZBI|score:2|votes:2|help:2 ; date:2000-3-17|user:ALP6CCS3CPL27|score:4|votes:0|help:0 ; date:2000-3-18|user:A2CPHI610U171P|score:3|votes:6|help:3 ; date:2000-3-19|user:A3L5QTHCI53XS4|score:5|votes:27|help:18 ; date:2000-3-21|user:A2WZUFQ4N9RGWK|score:5|votes:5|help:0 ; date:2000-3-22|user:A3A1RVH9S6U02B|score:4|votes:1|help:0 ; date:2000-3-23|user:A1STSS9ZQXVQFL|score:5|votes:5|help:3 ; date:2000-3-23|user:AU0JXB5TCCU3F|score:3|votes:2|help:1 ; date:2000-3-25|user:A3A1WA9PQYSP93|score:2|votes:2|help:0 ; date:2000-3-26|user:A345G0OZD8OZY8|score:2|votes:2|help:1 ; date:2000-3-26|user:AIGFUJVS6L1V7|score:3|votes:2|help:1 ; date:2000-3-26|user:AX98BMKC6G2S3|score:1|votes:4|help:3 ; date:2000-3-27|user:AJ8PS3G4GTI2W|score:4|votes:3|help:3 ; date:2000-3-28|user:A17J5FNEI4CH9D|score:4|votes:8|help:7 ; date:2000-3-28|user:AR3MCTR9OJBYW|score:1|votes:6|help:5 ; date:2000-3-29|user:A2QADZG5JNBVBT|score:2|votes:5|help:3 ; date:2000-3-29|user:A3C6J6OT5G0JA6|score:1|votes:8|help:7 ; date:2000-3-30|user:A190KWLAZG7L2Q|score:1|votes:8|help:7 ; date:2000-4-2|user:A1VRDNOIX8J4XR|score:2|votes:3|help:0 ; date:2000-4-3|user:A3LLTFN8LCMVGV|score:1|votes:9|help:7 ; date:2000-4-4|user:A3NU2R1I3BJND3|score:1|votes:3|help:1 ; date:2000-4-6|user:A2GHT4QC64CCXY|score:5|votes:3|help:0 ; date:2000-4-6|user:A3BR7NCMBO8BFB|score:5|votes:3|help:1 ; date:2000-4-8|user:A1CH3Q83BVH5QK|score:5|votes:5|help:0 ; date:2000-4-8|user:AL7QBS0D36T2P|score:1|votes:6|help:3 ; date:2000-4-9|user:A2VZRYMECWPBMX|score:5|votes:5|help:0 ; date:2000-4-9|user:A8Q5BTNDSOEXW|score:1|votes:6|help:4 ; date:2000-4-10|user:A7YUDEUDU971F|score:3|votes:2|help:0 ; date:2000-4-12|user:A1DIK3MBNMDZEC|score:3|votes:1|help:0 ; date:2000-4-12|user:A2E1488PA3KIO|score:1|votes:18|help:15 ; date:2000-4-12|user:A32PY11I1I9GEZ|score:4|votes:0|help:0 ; date:2000-4-13|user:AQTZU1DRGPDFF|score:5|votes:4|help:1 ; date:2000-4-15|user:A89NPT40PORXS|score:2|votes:1|help:0 ; date:2000-4-18|user:A1BVOSERXBQJPI|score:5|votes:3|help:1 ; date:2000-4-18|user:A3BR4RIE8HDY1W|score:3|votes:2|help:1 ; date:2000-4-19|user:A1V1BMGBWTNLNX|score:3|votes:4|help:0 ; date:2000-4-19|user:AIN2XKIDWPQGC|score:1|votes:11|help:8 ; date:2000-4-19|user:AQ5RKZPVLKBYK|score:5|votes:8|help:3 ; date:2000-4-20|user:AWBEL6VJQOI44|score:1|votes:67|help:50 ; date:2000-4-21|user:A20897TYJAPO82|score:1|votes:16|help:9 ; date:2000-4-21|user:ABM3UFK3O5A00|score:4|votes:4|help:4 ; date:2000-4-23|user:A3KD2Z9HG6WHSE|score:2|votes:2|help:0 ; date:2000-4-29|user:A1GDRNK3Y5IG9Z|score:2|votes:8|help:5 ; date:2000-4-29|user:A362H11EIIR82K|score:3|votes:3|help:1 ; date:2000-5-2|user:A3MZCVWDOEZIU8|score:4|votes:3|help:1 ; date:2000-5-2|user:A3OY7Y5FUR4ZBY|score:1|votes:26|help:21 ; date:2000-5-8|user:A2XOEV7COG2M02|score:1|votes:8|help:6 ; date:2000-5-14|user:A39QIO8AS824TS|score:5|votes:8|help:3 ; date:2000-5-18|user:A11INXYU7ELB1V|score:5|votes:10|help:5 ; date:2000-5-20|user:A3QQ04GSRAJ8YC|score:1|votes:13|help:7 ; date:2000-5-25|user:A1IH1C01QABMLZ|score:5|votes:11|help:5 ; date:2000-5-25|user:A3MSB482DIB9SL|score:3|votes:11|help:11 ; date:2000-5-26|user:AXDUJBGBV2BWL|score:4|votes:3|help:3 ; date:2000-5-27|user:AJKPVV8L8XX8W|score:5|votes:6|help:4 ; date:2000-5-30|user:AJZGATE58L9D6|score:1|votes:8|help:2 ; date:2000-6-1|user:ACDHOSUMFFYXN|score:1|votes:20|help:13 ; date:2000-6-4|user:A1W78DHLKLU78K|score:1|votes:12|help:9 ; date:2000-6-5|user:A2WXCTOSGXZI5P|score:4|votes:0|help:0 ; date:2000-6-6|user:A2GYD1B4WF419F|score:2|votes:1|help:0 ; date:2000-6-6|user:A2NCXHQZY1T99D|score:4|votes:4|help:2 ; date:2000-6-6|user:ARGSF57W9C7TD|score:4|votes:7|help:3 ; date:2000-6-6|user:ATVPDKIKX0DER|score:4|votes:0|help:0 ; date:2000-6-7|user:A2959SJY4UMPUR|score:5|votes:3|help:3 ; date:2000-6-8|user:A1TT86BO0HT1G4|score:2|votes:10|help:4 ; date:2000-6-11|user:AGYCB4TM5KAM9|score:5|votes:8|help:6 ; date:2000-6-13|user:A27RWL29AZE08A|score:4|votes:5|help:5 ; date:2000-6-15|user:A2FFIZYA9ZJ0TX|score:5|votes:6|help:2 ; date:2000-6-15|user:AEVB3ZFJSYE4V|score:2|votes:19|help:11 ; date:2000-6-16|user:A26ZZZ9YEPHPAG|score:1|votes:10|help:3 ; date:2000-6-19|user:A3L1H5CH5WBFHP|score:1|votes:11|help:4 ; date:2000-6-20|user:A25QNSTCYZN60V|score:5|votes:3|help:1 ; date:2000-6-21|user:A1QZH1F924GT6Y|score:5|votes:2|help:1 ; date:2000-6-21|user:AFCP7TKSMUPFU|score:4|votes:2|help:2 ; date:2000-6-22|user:A35UFO6SQ5ULFF|score:4|votes:2|help:2 ; date:2000-6-22|user:A35UFO6SQ5ULFF|score:4|votes:1|help:0 ; date:2000-6-23|user:AJ3XUJXTWP5DV|score:5|votes:4|help:1 ; date:2000-6-25|user:ARZ41AYNTEZ2|score:1|votes:6|help:5 ; date:2000-6-26|user:AK6255D4RI2WT|score:4|votes:3|help:2 ; date:2000-6-27|user:A1X0V7T8VYEJ5Y|score:3|votes:106|help:75 ; date:2000-6-28|user:A3G2SG9IUTR3DG|score:5|votes:7|help:0 ; date:2000-7-3|user:A1O9A7J20BETU3|score:1|votes:5|help:3 ; date:2000-7-4|user:A3F7P3MSIIVGVG|score:2|votes:4|help:3 ; date:2000-7-4|user:A3HLZEORT0VRHW|score:1|votes:11|help:8 ; date:2000-7-5|user:A2S14MBRKRMR3D|score:2|votes:5|help:3 ; date:2000-7-5|user:ADKGE078JK8K7|score:5|votes:13|help:0 ; date:2000-7-6|user:A3EVTKY1GIPCNM|score:1|votes:3|help:2 ; date:2000-7-7|user:A1VVU1RETJ6WAQ|score:1|votes:4|help:3 ; date:2000-7-9|user:A3L00A15HDNQGK|score:1|votes:16|help:14 ; date:2000-7-11|user:A18QX3E9O8L4QI|score:1|votes:8|help:5 ; date:2000-7-12|user:A35WAMJQBAMR1U|score:5|votes:6|help:0 ; date:2000-7-12|user:A3NUC3FWU99KNS|score:1|votes:9|help:6 ; date:2000-7-12|user:A3P5D2UKSK58BF|score:2|votes:24|help:20 ; date:2000-7-12|user:A530QHFOVC2QP|score:2|votes:8|help:7 ; date:2000-7-16|user:A3I7F3BE74W0N7|score:5|votes:3|help:1 ; date:2000-7-16|user:AZVYNME8MRK25|score:2|votes:3|help:2 ; date:2000-7-18|user:A3MMOGLIJN7Y61|score:4|votes:1|help:1 ; date:2000-7-19|user:A1L1RM100N7JIP|score:2|votes:1|help:1 ; date:2000-7-19|user:A28C6QZZIFNAGM|score:2|votes:8|help:6 ; date:2000-7-20|user:AH6QMW5B9SIRW|score:3|votes:1|help:1 ; date:2000-7-20|user:AVNDMN0ALJ5UO|score:2|votes:1|help:1 ; date:2000-7-22|user:AZW37BF4SHUA9|score:3|votes:1|help:1 ; date:2000-7-23|user:A17GBWI09ING6H|score:1|votes:5|help:4 ; date:2000-7-23|user:A2OLQ0Y1RWXTB7|score:1|votes:11|help:9 ; date:2000-7-23|user:A2YUZKPLUYQDKV|score:5|votes:7|help:2 ; date:2000-7-23|user:A3LD2P45PMICAS|score:1|votes:13|help:10 ; date:2000-7-24|user:A1VTC4M1221W1B|score:1|votes:10|help:6 ; date:2000-7-24|user:A2MZ01KF0UTLDC|score:5|votes:0|help:0 ; date:2000-7-24|user:A2VXMXB583IJB0|score:5|votes:4|help:1 ; date:2000-7-26|user:A1FB298EO1JZH3|score:2|votes:5|help:3 ; date:2000-7-27|user:A1JK81O1R8TTY5|score:5|votes:1|help:0 ; date:2000-7-27|user:AXAN5JKI6JPT9|score:4|votes:0|help:0 ; date:2000-7-28|user:A38MF93QXLE8UK|score:1|votes:11|help:8 ; date:2000-7-30|user:AN1AHRVCGJJVA|score:4|votes:3|help:0 ; date:2000-7-31|user:A16OZDNN9IXGIA|score:5|votes:10|help:3 ; date:2000-8-1|user:A1LN0LQYWIENW0|score:2|votes:15|help:11 ; date:2000-8-1|user:A35AB0GUTODEL6|score:4|votes:12|help:6 ; date:2000-8-7|user:A2GI129KBEHPKQ|score:4|votes:16|help:13 ; date:2000-8-9|user:A2KLH6A2V48G2L|score:4|votes:4|help:4 ; date:2000-8-10|user:AIJGZD61N0QTP|score:5|votes:4|help:0 ; date:2000-8-11|user:AL1EXA76AIM70|score:3|votes:0|help:0 ; date:2000-8-12|user:A2X4EU05V4VG0R|score:4|votes:2|help:2 ; date:2000-8-12|user:A5N245Z5PSY5N|score:5|votes:5|help:0 ; date:2000-8-14|user:A1U7L28N1N8E0L|score:1|votes:14|help:10 ; date:2000-8-14|user:A2J22TW7OYGCQV|score:2|votes:6|help:5 ; date:2000-8-17|user:A1HR7DIZZ0VJFX|score:4|votes:2|help:2 ; date:2000-8-17|user:A2WNLSF2VD1DWC|score:5|votes:3|help:2 ; date:2000-8-18|user:A364CFGW3USV56|score:4|votes:4|help:3 ; date:2000-8-20|user:A2VTGT6KAIOKC6|score:1|votes:10|help:4 ; date:2000-8-20|user:A2VTGT6KAIOKC6|score:1|votes:13|help:4 ; date:2000-8-20|user:A2VTGT6KAIOKC6|score:1|votes:0|help:0 ; date:2000-8-22|user:A1NZM327YVU5MT|score:4|votes:2|help:1 ; date:2000-8-22|user:A3FYX6R0509J2M|score:5|votes:16|help:11 ; date:2000-8-24|user:A1AFXPQ8ZCXZ9S|score:4|votes:5|help:1 ; date:2000-8-27|user:AI0GX846NE9OA|score:3|votes:1|help:0 ; date:2000-8-29|user:A3VT0H0KYBS50A|score:1|votes:13|help:9 ; date:2000-8-31|user:A2TGPCL178Q2NI|score:3|votes:4|help:4 ; date:2000-9-6|user:A3QQ04GSRAJ8YC|score:1|votes:9|help:7 ; date:2000-9-6|user:A3QQ04GSRAJ8YC|score:1|votes:36|help:36 ; date:2000-9-7|user:ARCTSFO6CQPP9|score:4|votes:4|help:2 ; date:2000-9-8|user:A2P6PVWZS4NGV0|score:3|votes:12|help:8 ; date:2000-9-11|user:A2NDM61XVTXP8K|score:4|votes:2|help:2 ; date:2000-9-17|user:A1MVNO567KYD4C|score:5|votes:0|help:0 ; date:2000-9-17|user:A1YVNA1K8RMBP1|score:3|votes:4|help:2 ; date:2000-9-17|user:A8TWANGKNXALE|score:3|votes:1|help:0 ; date:2000-9-18|user:AKWXY1IVN0T52|score:5|votes:10|help:5 ; date:2000-9-20|user:A1KO7S6I5KJBXU|score:4|votes:5|help:2 ; date:2000-9-24|user:A3MAUST4KN5SI1|score:5|votes:5|help:3 ; date:2000-9-25|user:A25K1RIWTJ1LZF|score:4|votes:4|help:3 ; date:2000-9-25|user:A25K1RIWTJ1LZF|score:4|votes:0|help:0 ; date:2000-9-25|user:A3729EJM3Y7HAV|score:1|votes:15|help:8 ; date:2000-9-26|user:A321HL4JXM8GRW|score:2|votes:2|help:1 ; date:2000-9-29|user:A3KT3ALB7IZ52E|score:4|votes:1|help:1 ; date:2000-10-2|user:A3O837FJMB4D9V|score:3|votes:1|help:0 ; date:2000-10-2|user:ASUI70482CD3O|score:3|votes:9|help:4 ; date:2000-10-3|user:A2VARYFB0GE08U|score:2|votes:5|help:2 ; date:2000-10-9|user:A1BY7FETOTLWM1|score:4|votes:2|help:1 ; date:2000-10-11|user:AAQSG3RD3GUIZ|score:1|votes:16|help:9 ; date:2000-10-12|user:ABEATUOBEMFXC|score:1|votes:5|help:3 ; date:2000-10-14|user:AB3CAPZ6KLIED|score:5|votes:15|help:7 ; date:2000-10-16|user:A2VOJ8H90OCWA6|score:3|votes:6|help:5 ; date:2000-10-16|user:AM5Y5I0VPP5C0|score:5|votes:4|help:2 ; date:2000-10-17|user:A2Q8EBVH0IR0UV|score:5|votes:4|help:4 ; date:2000-10-18|user:A216WC8KUXBJJU|score:4|votes:1|help:1 ; date:2000-10-20|user:A3UN6WX5RRO2AG|score:4|votes:2|help:2 ; date:2000-10-23|user:A36YZKIPGI4Y72|score:4|votes:1|help:1 ; date:2000-10-25|user:A2XN8ZL4A5KMPA|score:1|votes:6|help:4 ; date:2000-10-25|user:A3IO5GTMQOUKGS|score:1|votes:3|help:1 ; date:2000-10-25|user:ARAN71DRMZXKH|score:4|votes:3|help:1 ; date:2000-10-26|user:A2J1U8UII3RDAI|score:1|votes:5|help:3 ; date:2000-10-26|user:A3JNIKR61ILXY6|score:5|votes:7|help:4 ; date:2000-10-28|user:A3BRZXYKM379JT|score:5|votes:2|help:1 ; date:2000-10-29|user:A39II8DD9GVDJE|score:5|votes:7|help:2 ; date:2000-11-4|user:A1W0F14FN17CIP|score:3|votes:3|help:2 ; date:2000-11-4|user:A30TLVHJDN1Q88|score:3|votes:5|help:3 ; date:2000-11-4|user:A3UN6WX5RRO2AG|score:5|votes:2|help:2 ; date:2000-11-8|user:A24TW3L551UEBQ|score:3|votes:2|help:1 ; date:2000-11-10|user:A1ISNRX9FTMBB2|score:5|votes:8|help:2 ; date:2000-11-11|user:A1A2GVDHBZMWQT|score:2|votes:2|help:0 ; date:2000-11-11|user:A1SAJ8BFNE1L6N|score:5|votes:5|help:1 ; date:2000-11-13|user:A2W124ENDJSYL8|score:5|votes:6|help:2 ; date:2000-11-16|user:A2IUT4GD96CI5A|score:4|votes:3|help:2 ; date:2000-11-23|user:A37G051XEQ2PG7|score:1|votes:6|help:3 ; date:2000-11-29|user:A10KKJMBY5L7TK|score:1|votes:11|help:7 ; date:2000-12-2|user:A1SON5NLWWI9B5|score:2|votes:1|help:0 ; date:2000-12-2|user:A2INZWKZEX6VB7|score:2|votes:12|help:10 ; date:2000-12-2|user:AOROWYXA9C86Z|score:1|votes:9|help:7 ; date:2000-12-5|user:A1QJ1VXWHI40XO|score:5|votes:5|help:1 ; date:2000-12-14|user:A3MRKK0DJDNTP6|score:4|votes:9|help:6 ; date:2000-12-14|user:ALPPWWJRMJJV1|score:5|votes:5|help:2 ; date:2000-12-27|user:A6MO2U1YA3H6P|score:2|votes:2|help:1 ; date:2001-1-5|user:A3OCC8HXLGBC3R|score:3|votes:3|help:2 ; date:2001-1-6|user:A11CHU4L9OJIA1|score:4|votes:5|help:3 ; date:2001-1-9|user:A2XGG8JG9C8B4F|score:1|votes:32|help:3 ; date:2001-1-11|user:A2Z9T9Q6AIGN38|score:2|votes:0|help:0 ; date:2001-1-11|user:A2Z9T9Q6AIGN38|score:2|votes:1|help:0 ; date:2001-1-11|user:A2Z9T9Q6AIGN38|score:2|votes:11|help:7 ; date:2001-1-18|user:A33CLVW2K7SL1P|score:3|votes:26|help:21 ; date:2001-1-27|user:A2XBL7LCEUE3XC|score:4|votes:1|help:1 ; date:2001-2-2|user:A1RAXWZEMHQIHI|score:5|votes:9|help:2 ; date:2001-2-13|user:A27RJOHT0VST7J|score:2|votes:14|help:10 ; date:2001-3-8|user:A9XZAQ34JE2J3|score:5|votes:6|help:1 ; date:2001-3-16|user:AIGNUQG6RAJ8L|score:4|votes:6|help:5 ; date:2001-3-24|user:A2YQ6FTW0ZWNZF|score:2|votes:3|help:3 ; date:2001-4-1|user:A1OEMC9EWRTI7R|score:5|votes:3|help:0 ; date:2001-4-3|user:AR4I405J0OF5L|score:4|votes:6|help:0 ; date:2001-4-6|user:A2GAINX7PJLP2W|score:2|votes:8|help:6 ; date:2001-4-19|user:A170OL4Q652UUY|score:5|votes:7|help:4 ; date:2001-5-12|user:A220J4PA0F9CW6|score:3|votes:2|help:0 ; date:2001-5-18|user:A1KI5R0BXOYVKA|score:3|votes:2|help:1 ; date:2001-5-24|user:A1Y6IF3HRTVB5E|score:2|votes:0|help:0 ; date:2001-5-25|user:A2U9RBGT230FTY|score:2|votes:2|help:2 ; date:2001-5-27|user:ATBN8Z6FVDA77|score:3|votes:0|help:0 ; date:2001-5-31|user:A1CKFI3OJSKTDA|score:1|votes:1|help:1 ; date:2001-6-13|user:A3LS7CRKM6KZS1|score:1|votes:4|help:3 ; date:2001-6-17|user:A2XS9BR56ICUT3|score:1|votes:10|help:9 ; date:2001-6-19|user:A2AA00U9FO4UAC|score:3|votes:2|help:0 ; date:2001-6-22|user:A1AQABZ27BZ6VL|score:4|votes:3|help:1 ; date:2001-6-25|user:A2WDIGQCLSFTP1|score:2|votes:29|help:23 ; date:2001-7-2|user:A201MTRRI6444S|score:2|votes:2|help:0 ; date:2001-7-4|user:A22V3TEXPHWJDV|score:2|votes:5|help:1 ; date:2001-7-16|user:AU3Q4R1UU9VLM|score:3|votes:2|help:1 ; date:2001-7-20|user:A2W6TINRJ9NF93|score:3|votes:4|help:1 ; date:2001-7-24|user:A28V7TIV82TSX2|score:2|votes:6|help:3 ; date:2001-8-11|user:A3051PRZ6BWAI0|score:5|votes:2|help:2 ; date:2001-8-15|user:A3UN6WX5RRO2AG|score:3|votes:3|help:2 ; date:2001-8-25|user:A3UHJRKSTDGHIZ|score:5|votes:4|help:0 ; date:2001-8-27|user:A2LO8L7L46NFV1|score:5|votes:2|help:0 ; date:2001-10-10|user:A1Q239XJPSI44W|score:4|votes:1|help:0 ; date:2001-10-16|user:A3IB3L08OJZDEL|score:2|votes:3|help:1 ; date:2001-10-17|user:A2Z9XBCYT3AHHU|score:5|votes:3|help:3 ; date:2001-10-21|user:A3VR2Y0OLAC8VH|score:3|votes:6|help:5 ; date:2001-10-25|user:A4BEG8ESXYO3H|score:2|votes:3|help:3 ; date:2001-11-9|user:AKOTKGVETMXJ6|score:4|votes:7|help:5 ; date:2001-11-13|user:A2JUMQUP5OBQWA|score:4|votes:4|help:3 ; date:2001-12-27|user:A2XKUZ6FW8T3GG|score:3|votes:5|help:4 ; date:2002-1-8|user:A3KD3RILMA7DU9|score:5|votes:2|help:0 ; date:2002-1-10|user:A1R9TXG3DSVSXU|score:4|votes:1|help:1 ; date:2002-1-10|user:A1R9TXG3DSVSXU|score:4|votes:5|help:4 ; date:2002-1-30|user:A3LFD6V4PS97FV|score:5|votes:5|help:1 ; date:2002-2-22|user:A2VVBXPE8DEK3Q|score:5|votes:6|help:1 ; date:2002-3-19|user:AP5NXS66INNOB|score:1|votes:2|help:2 ; date:2002-4-9|user:A3W4XDX8NGJ9JK|score:3|votes:8|help:3 ; date:2002-4-12|user:A3V2FO9CHSI1R|score:1|votes:17|help:7 ; date:2002-5-4|user:A29EVZV5SGEG0Z|score:2|votes:21|help:19 ; date:2002-6-19|user:A36WD8GXQ5QCJ7|score:4|votes:3|help:0 ; date:2002-6-21|user:A2UNRD8NGUD8DV|score:5|votes:8|help:1 ; date:2002-7-7|user:A2PJENSXL6M1NP|score:1|votes:11|help:4 ; date:2002-7-18|user:A387KNJD0T0MPB|score:3|votes:11|help:11 ; date:2002-7-26|user:A3H0H9Y6VQJ0CA|score:4|votes:3|help:1 ; date:2002-9-15|user:A11FNZ9AUXSTIW|score:1|votes:17|help:15 ; date:2002-9-30|user:AYT4FJYVCHYLE|score:3|votes:4|help:3 ; date:2002-10-6|user:A3NUTFZN9YZW2X|score:2|votes:2|help:2 ; date:2002-10-14|user:A2YF7RAVCMF1XP|score:5|votes:5|help:0 ; date:2002-10-15|user:A21EWMHML5T4T5|score:2|votes:18|help:18 ; date:2002-10-29|user:A2JE31JJCL391Q|score:1|votes:6|help:6 ; date:2002-11-10|user:AEB91LHA00VEF|score:5|votes:2|help:0 ; date:2002-11-17|user:AV9PRIQ25AZ7C|score:3|votes:3|help:1 ; date:2002-11-22|user:A1OV95VIA4BWLN|score:4|votes:0|help:0 ; date:2002-11-25|user:A1WSY0OJ1HWJ9P|score:2|votes:3|help:3 ; date:2002-12-7|user:A2IF7PZKAX5U0I|score:4|votes:3|help:1 ; date:2002-12-10|user:A1590RA2SAGWC8|score:2|votes:5|help:4 ; date:2002-12-12|user:A26DPEKOIH1XVT|score:3|votes:5|help:4 ; date:2002-12-14|user:ALQDTDNJQ3U00|score:1|votes:7|help:7 ; date:2002-12-17|user:AK1MDNIKU94NU|score:2|votes:6|help:6 ; date:2003-1-3|user:A3LLIRWDEWC34V|score:3|votes:1|help:0 ; date:2003-1-4|user:A2DSMJXZJVQDFF|score:3|votes:1|help:1 ; date:2003-1-7|user:A30AO21SCULXFU|score:3|votes:6|help:0 ; date:2003-1-16|user:A3G8HKRFW1UZCK|score:3|votes:5|help:4 ; date:2003-3-5|user:A2DRV7MVSQKRF|score:4|votes:9|help:8 ; date:2003-3-6|user:A3THHU7RUD2C7G|score:5|votes:15|help:3 ; date:2003-3-25|user:A2IRATR53843WU|score:2|votes:5|help:3 ; date:2003-3-30|user:A2VDD4LQANJ91X|score:1|votes:3|help:1 ; date:2003-4-27|user:A1QU6J65FT03VT|score:1|votes:2|help:2 ; date:2003-4-27|user:A36WD8GXQ5QCJ7|score:2|votes:0|help:0 ; date:2003-5-12|user:A390LL2JE4FN12|score:5|votes:2|help:0 ; date:2003-5-30|user:AYGEP8I4BQ3CK|score:3|votes:0|help:0 ; date:2003-6-7|user:A273R81IS7TI6J|score:1|votes:2|help:2 ; date:2003-6-16|user:A2MYPKLWA1HE7K|score:1|votes:3|help:3 ; date:2003-6-27|user:ALU8CCOFXLZ2W|score:2|votes:5|help:3 ; date:2003-8-5|user:A3MR1655M2209I|score:3|votes:2|help:1 ; date:2003-8-24|user:A39ZULR3VVKJHG|score:1|votes:11|help:9 ; date:2003-9-12|user:A1PEKEZTSDJAVH|score:2|votes:4|help:2 ; date:2003-10-19|user:A2NKINDFXYBI1W|score:1|votes:5|help:4 ; date:2003-10-21|user:A39ZULR3VVKJHG|score:1|votes:16|help:11 ; date:2003-11-7|user:A3UN6WX5RRO2AG|score:2|votes:3|help:3 ; date:2003-12-18|user:A171FU7AC9YYMS|score:4|votes:5|help:2 ; date:2004-1-21|user:AVQWPY5ZB76HW|score:4|votes:4|help:3 ; date:2004-2-4|user:A2C06IYFMN8BZE|score:1|votes:12|help:9 ; date:2004-2-5|user:A2QZTJVEX4MJR8|score:1|votes:9|help:8 ; date:2004-2-20|user:A58BWQV8INYFT|score:4|votes:5|help:2 ; date:2004-4-4|user:ANLAJVX6OYJQ4|score:2|votes:11|help:7 ; date:2004-4-25|user:A1FL0B28ILJJQJ|score:1|votes:10|help:7 ; date:2004-5-3|user:AWXOZGPSA6ZW7|score:2|votes:8|help:2 ; date:2004-6-11|user:A1PEKEZTSDJAVH|score:2|votes:13|help:9 ; date:2004-8-28|user:A10IWS213MSMZF|score:2|votes:3|help:1 ; date:2004-8-31|user:AST3U7G3CX6Y0|score:3|votes:3|help:3 ; date:2004-9-3|user:AQFKWSGW79IFP|score:2|votes:3|help:3 ; date:2004-10-5|user:AXXF1HWTO3B3J|score:3|votes:2|help:1 ; date:2004-11-4|user:A159J48T1RXGCJ|score:4|votes:1|help:0 ; date:2004-11-15|user:A3BH2CJGH1BY0S|score:2|votes:5|help:3 ; date:2004-11-21|user:A3BJZZMJE4L3I8|score:4|votes:4|help:2 ; date:2004-12-23|user:A1VTQEDZ44QTZA|score:1|votes:5|help:5 ; date:2005-1-9|user:A3KY68OTSNHM3G|score:3|votes:2|help:2 ; date:2005-1-18|user:A387GJKV8S6BHV|score:3|votes:6|help:4 ; date:2005-2-18|user:A1KXTCO0BUAEVS|score:2|votes:1|help:1 ; date:2005-3-8|user:A2YKEWJI4P5JKY|score:1|votes:5|help:4 ; date:2005-6-13|user:A1VXN0LM7NUQ3L|score:1|votes:0|help:0 ; date:2005-6-14|user:A1GXBMUTVHWHJL|score:4|votes:0|help:0
742,1565046862,Aberrant: Worldwide Phase 2 (Aberrant),Book,742145,0,,2,|Books[283155]|Subjects[1000]|Entertainment[86]|Games[4402]|Role Playing & Fantasy[4442]|General[4445] ; |Books[283155]|Subjects[1000]|Science Fiction & Fantasy[25]|Science Fiction[16272]|General[16282],1,1,4.0,date:2001-9-6|user:A1MGXIWZBLJJCG|score:4|votes:0|help:0
813,1563894815,Transmetropolitan Vol. 2: Lust for Life,Book,17802,5,1563896273;1563897229;1563897962;1563899884;1563899531,3,|Books[283155]|Subjects[1000]|Comics & Graphic Novels[4366]|Graphic Novels[4390]|Science Fiction[4394] ; |Books[283155]|Subjects[1000]|Science Fiction & Fantasy[25]|Science Fiction[16272]|General[16282] ; |Books[283155]|Subjects[1000]|Comics & Graphic Novels[4366]|Publishers[4396]|DC Comics[193766],18,5,5.0,date:2002-2-5|user:AZ39983V2NDGX|score:5|votes:4|help:4 ; date:2002-6-4|user:A1I090H4BWQ4J6|score:5|votes:3|help:2 ; date:2002-8-2|user:A1EE8EZLR8LJ9M|score:5|votes:4|help:4 ; date:2004-2-12|user:A3UN6WX5RRO2AG|score:4|votes:2|help:1 ; date:2005-4-26|user:A321W4SSC0F6AP|score:5|votes:1|help:1
824,0553288105,The Gods Themselves,Book,45996,5,0553286285;0553293400;0553299492;0553293397;0553294385,3,"|Books[283155]|Subjects[1000]|Science Fiction & Fantasy[25]|Science Fiction[16272]|General[16282] ; |Books[283155]|Subjects[1000]|Science Fiction & Fantasy[25]|Authors, A-Z[14652]|( A )[14653]|Asimov, Isaac[14704]|General[284596] ; |Books[283155]|Subjects[1000]|Science Fiction & Fantasy[25]|Authors, A-Z[14652]|( A )[14653]|Asimov, Isaac[14704]|Paperback[285614]",67,67,4.5,date:1996-8-20|user:ATVPDKIKX0DER|score:5|votes:0|help:0 ; date:1997-3-30|user:A354SMD171J57O|score:5|votes:0|help:0 ; date:1997-12-30|user:A1J1GX3TZ09MN6|score:5|votes:0|help:0 ; date:1997-12-30|user:A1Q1LS94RQGQJS|score:4|votes:0|help:0 ; date:1998-1-21|user:ATVPDKIKX0DER|score:5|votes:1|help:1 ; date:1998-3-6|user:ATVPDKIKX0DER|score:5|votes:3|help:3 ; date:1998-5-4|user:ATVPDKIKX0DER|score:4|votes:0|help:0 ; date:1998-5-13|user:A2FDZKJP7IQ5JM|score:4|votes:0|help:0 ; date:1998-6-1|user:ATVPDKIKX0DER|score:5|votes:1|help:0 ; date:1998-6-21|user:A2PVSYWH3HN9YS|score:1|votes:2|help:0 ; date:1998-8-27|user:A95ZTIJ80RCWC|score:5|votes:0|help:0 ; date:1998-9-3|user:A1TJY5LKQDENFZ|score:5|votes:0|help:0 ; date:1998-10-21|user:ATVPDKIKX0DER|score:2|votes:2|help:0 ; date:1998-11-5|user:A1FHLFWZUIOLXT|score:5|votes:5|help:3 ; date:1998-12-23|user:A2LNTDH3DPRAN9|score:1|votes:2|help:1 ; date:1999-3-11|user:A1N81JSRL0BXSQ|score:5|votes:0|help:0 ; date:1999-4-18|user:A152J05IUA27ED|score:4|votes:1|help:1 ; date:1999-4-25|user:ATVPDKIKX0DER|score:1|votes:8|help:3 ; date:1999-6-9|user:ATVPDKIKX0DER|score:5|votes:3|help:3 ; date:1999-7-17|user:ATVPDKIKX0DER|score:5|votes:1|help:1 ; date:1999-7-19|user:A2RHHUWQJ23CN1|score:4|votes:1|help:1 ; date:1999-7-26|user:ATVPDKIKX0DER|score:5|votes:16|help:8 ; date:1999-8-22|user:A278H36GR016JE|score:5|votes:28|help:28 ; date:1999-9-6|user:ATVPDKIKX0DER|score:5|votes:2|help:1 ; date:1999-9-8|user:ATVPDKIKX0DER|score:5|votes:2|help:1 ; date:1999-9-27|user:ATVPDKIKX0DER|score:2|votes:13|help:5 ; date:1999-10-10|user:ATVPDKIKX0DER|score:5|votes:5|help:1 ; date:2000-3-26|user:A1OZUFPXG1IV2V|score:5|votes:1|help:0 ; date:2000-3-28|user:AJPNK5C4L91MM|score:4|votes:2|help:2 ; date:2000-4-8|user:AX31A6R9UCVTM|score:4|votes:0|help:0 ; date:2000-4-24|user:A2N029FTHX6BTS|score:4|votes:0|help:0 ; date:2000-5-13|user:ADYEVD3DMBH3I|score:3|votes:2|help:1 ; date:2000-5-13|user:ADYEVD3DMBH3I|score:3|votes:2|help:1 ; date:2000-5-17|user:A2T4M445NILM7|score:5|votes:4|help:0 ; date:2000-10-24|user:A2T28ETOO7OBE|score:3|votes:6|help:5 ; date:2000-11-16|user:A23GI8XN6XYTO3|score:5|votes:9|help:9 ; date:2000-12-18|user:AA3SN9NQT15DZ|score:4|votes:4|help:0 ; date:2001-2-19|user:A1IU7S4HCK1XK0|score:5|votes:10|help:9 ; date:2001-3-23|user:A2F6XF1KY77T5K|score:5|votes:1|help:0 ; date:2001-4-8|user:A26PC6A130JU4T|score:5|votes:1|help:0 ; date:2001-8-18|user:A2O9EOWOKU8984|score:3|votes:2|help:0 ; date:2001-8-30|user:A3FPIRH8R6K0MM|score:5|votes:9|help:9 ; date:2001-9-4|user:A1MJ8DX7GS4EWZ|score:4|votes:10|help:5 ; date:2001-10-9|user:A3GAAAG9Y42XAU|score:5|votes:3|help:2 ; date:2002-1-13|user:A1NLDMELNDFORP|score:5|votes:19|help:19 ; date:2002-2-27|user:A39Q5JH09VUMR5|score:5|votes:1|help:1 ; date:2002-3-4|user:A2SEJZ4E8N675N|score:5|votes:4|help:2 ; date:2002-3-13|user:A2Z8VKSQDWHSGE|score:4|votes:8|help:8 ; date:2002-5-23|user:A14IYWA5XPDS78|score:5|votes:2|help:1 ; date:2002-7-10|user:A2I17T9XB6LSGW|score:4|votes:14|help:14 ; date:2002-7-26|user:A3HG4SPN5MVZ09|score:5|votes:2|help:2 ; date:2002-9-9|user:A1EKTLUL24HDG8|score:4|votes:4|help:3 ; date:2002-12-29|user:A1IRQ20FTYXB3T|score:3|votes:5|help:4 ; date:2003-5-9|user:A1GE82AYBCETH7|score:3|votes:1|help:1 ; date:2003-5-15|user:A2YF4ZMECJVLK9|score:4|votes:5|help:5 ; date:2003-5-31|user:A37R7QYQFBQCCR|score:5|votes:2|help:1 ; date:2003-6-9|user:A3LUUF8CAWLPHX|score:4|votes:2|help:2 ; date:2003-8-22|user:A1JH5J1KQAUBMP|score:4|votes:1|help:1 ; date:2003-12-12|user:A2MAB5Q4XA209W|score:5|votes:12|help:12 ; date:2003-12-26|user:A1IU7S4HCK1XK0|score:5|votes:4|help:4 ; date:2004-2-14|user:A2OP1HD9RGX5OW|score:3|votes:2|help:1 ; date:2004-5-7|user:A1OCWHHG8A63YZ|score:4|votes:4|help:1 ; date:2004-8-24|user:A2OPBCF28QTARX|score:4|votes:2|help:1 ; date:2004-9-14|user:A1CYRTQ04LYI55|score:5|votes:4|help:4 ; date:2004-11-28|user:A2UKSH7505J8A6|score:5|votes:2|help:1 ; date:2005-1-20|user:AEGVDYQ1ZULO3|score:4|votes:2|help:2 ; date:2005-4-12|user:ASVLO2L3IN81J|score:4|votes:1|help:0
838,1563899795,Batman: Nine Lives,Book,118527,5,074348732X;140120323X;1563898586;1401200923;1401200605,3,|Books[283155]|Subjects[1000]|Science Fiction & Fantasy[25]|Media[16230]|Batman[16234] ; |Books[283155]|Subjects[1000]|Comics & Graphic Novels[4366]|Publishers[4396]|DC Comics[193766] ; |Books[283155]|Subjects[1000]|Comics & Graphic Novels[4366]|Graphic Novels[4390]|Superheroes[3825121],0,0,0.0,
876,074340730X,The Secrets Of Frank Herbert'S Dune,Book,214038,5,0765306468;0765301598;076530158X;0765340771;0553580302,3,|Books[283155]|Subjects[1000]|Entertainment[86]|Movies[4484]|Adaptations[4485] ; |Books[283155]|Subjects[1000]|Literature & Fiction[17]|Genre Fiction[10134]|Movie Tie-Ins[4497] ; |Books[283155]|Subjects[1000]|Science Fiction & Fantasy[25]|Science Fiction[16272]|General[16282],12,12,4.0,date:2000-11-4|user:A1PXG0XBOZV6CZ|score:5|votes:7|help:5 ; date:2000-11-5|user:A1PXG0XBOZV6CZ|score:5|votes:7|help:4 ; date:2000-11-13|user:AKFW5I97ADP4R|score:5|votes:15|help:9 ; date:2000-11-19|user:A1PXG0XBOZV6CZ|score:5|votes:9|help:0 ; date:2000-12-9|user:A2ATWKOFJXRRR1|score:5|votes:16|help:11 ; date:2000-12-19|user:A131Z1LZ8L0O8A|score:3|votes:8|help:5 ; date:2001-4-14|user:A18LHCHTAG4L89|score:1|votes:32|help:12 ; date:2001-6-1|user:A3CIO3KVU4MK0G|score:5|votes:32|help:1 ; date:2002-5-10|user:A25RVIT9L871PH|score:4|votes:5|help:4 ; date:2002-11-14|user:A39ONJNCBCMWGO|score:1|votes:9|help:1 ; date:2002-11-21|user:AR133L5DPWZ90|score:3|votes:16|help:4 ; date:2003-5-5|user:A1HOEJI4LGZDZ1|score:5|votes:4|help:3
1023,1563897989,History of the DC Universe,Book,287622,5,1563897504;1563898950;1401200036;1401202314;1563893304,3,|Books[283155]|Subjects[1000]|Science Fiction & Fantasy[25]|Science Fiction[16272]|General[16282] ; |Books[283155]|Subjects[1000]|Comics & Graphic Novels[4366]|Publishers[4396]|DC Comics[193766] ; |Books[283155]|Subjects[1000]|Comics & Graphic Novels[4366]|Graphic Novels[4390]|Superheroes[3825121],6,6,3.5,date:2002-4-22|user:A2JL21V1CCW0RH|score:5|votes:1|help:1 ; date:2002-11-17|user:A1QW11LNX6QTE9|score:5|votes:4|help:4 ; date:2003-2-8|user:A1ZAJCZHFV7OZD|score:4|votes:5|help:4 ; date:2003-2-24|user:A11YV6VC51HJTV|score:4|votes:15|help:13 ; date:2004-1-3|user:AU8552YCOO5QX|score:1|votes:17|help:2 ; date:2004-6-16|user:AEVNUEDRGTC4P|score:3|votes:4|help:4
1187,0786919078,"Jedit (Legends Cycle, Book II)",Book,466616,5,0786928301;0786929359;0786930152;0786913231;0786915625,6,"|Books[283155]|Subjects[1000]|Children's Books[4]|Literature[2966]|Science Fiction, Fantasy, Mystery & Horror[3013]|Science Fiction, Fantasy, & Magic[3017] ; |Books[283155]|Subjects[1000]|Science Fiction & Fantasy[25]|Authors, A-Z[14652]|( E )[15085]|Emery, Clayton[15108] ; |Books[283155]|Subjects[1000]|Science Fiction & Fantasy[25]|Fantasy[16190]|General[16199] ; |Books[283155]|Subjects[1000]|Teens[28]|Science Fiction & Fantasy[17466]|Fantasy[17468] ; |Books[283155]|Subjects[1000]|Teens[28]|Science Fiction & Fantasy[17466]|Science Fiction[17470] ; |Books[283155]|Subjects[1000]|Science Fiction & Fantasy[25]|Fantasy[16190]|Series[16209]|General[408706]",1,1,5.0,date:2002-1-26|user:A2GN2U8X2SUM6O|score:5|votes:4|help:0
1194,158236902X,Star Trek Narrators Screen,Book,466988,5,1582369011;1582369003;1582369046;1582369089;1582369070,3,|Books[283155]|Subjects[1000]|Entertainment[86]|Games[4402]|General[4435] ; |Books[283155]|Subjects[1000]|Entertainment[86]|Games[4402]|Role Playing & Fantasy[4442]|General[4445] ; |Books[283155]|Subjects[1000]|Science Fiction & Fantasy[25]|Media[16230]|Star Trek[16244]|General[265642],0,0,0.0,
1212,0553278223,The Martian Chronicles,Book,3206,5,055327449X;0345342968;0380729407;006054242X;0553277537,4,"|Books[283155]|Subjects[1000]|Literature & Fiction[17]|General[10125]|Classics[10127] ; |Books[283155]|Subjects[1000]|Science Fiction & Fantasy[25]|Science Fiction[16272]|General[16282] ; |Books[283155]|Subjects[1000]|Science Fiction & Fantasy[25]|Authors, A-Z[14652]|( B )[14711]|Bradbury, Ray[14818]|General[284598] ; |Books[283155]|Subjects[1000]|Science Fiction & Fantasy[25]|Authors, A-Z[14652]|( B )[14711]|Bradbury, Ray[14818]|Paperback[285616]",268,268,4.0,date:1996-6-1|user:ATVPDKIKX0DER|score:5|votes:0|help:0 ; date:1996-7-29|user:ATVPDKIKX0DER|score:5|votes:1|help:1 ; date:1996-12-18|user:ATVPDKIKX0DER|score:5|votes:1|help:1 ; date:1997-1-8|user:ATVPDKIKX0DER|score:5|votes:0|help:0 ; date:1997-3-5|user:ATVPDKIKX0DER|score:5|votes:2|help:2 ; date:1997-7-23|user:ATVPDKIKX0DER|score:2|votes:1|help:0 ; date:1997-8-25|user:A3927BH5H75LII|score:5|votes:0|help:0 ; date:1997-9-12|user:ATVPDKIKX0DER|score:3|votes:1|help:0 ; date:1997-9-30|user:ATVPDKIKX0DER|score:5|votes:0|help:0 ; date:1997-10-28|user:ATVPDKIKX0DER|score:5|votes:0|help:0 ; date:1997-11-10|user:A1Z5F7SZDCI5KB|score:5|votes:0|help:0 ; date:1997-11-14|user:ATVPDKIKX0DER|score:5|votes:0|help:0 ; date:1997-12-3|user:ATVPDKIKX0DER|score:5|votes:0|help:0 ; date:1998-1-14|user:AT8POLVFX30ZX|score:5|votes:0|help:0 ; date:1998-1-20|user:ATVPDKIKX0DER|score:5|votes:0|help:0 ; date:1998-2-11|user:ATVPDKIKX0DER|score:5|votes:0|help:0 ; date:1998-2-26|user:ATVPDKIKX0DER|score:5|votes:0|help:0 ; date:1998-3-28|user:A2JBJ18FMA1EB9|score:2|votes:2|help:0 ; date:1998-3-29|user:ATVPDKIKX0DER|score:5|votes:0|help:0 ; date:1998-5-7|user:ATVPDKIKX0DER|score:5|votes:0|help:0 ; date:1998-5-29|user:ATVPDKIKX0DER|score:4|votes:0|help:0 ; date:1998-6-1|user:ATVPDKIKX0DER|score:5|votes:0|help:0 ; date:1998-6-3|user:A1ACQXJ53VVBV7|score:5|votes:0|help:0 ; date:1998-6-4|user:A37CA7QSXPMZ2F|score:5|votes:0|help:0 ; date:1998-6-11|user:ATVPDKIKX0DER|score:5|votes:0|help:0 ; date:1998-6-29|user:ATVPDKIKX0DER|score:5|votes:0|help:0 ; date:1998-7-7|user:ATVPDKIKX0DER|score:5|votes:0|help:0 ; date:1998-7-7|user:ATVPDKIKX0DER|score:5|votes:0|help:0 ; date:1998-7-10|user:ATVPDKIKX0DER|score:5|votes:0|help:0 ; date:1998-7-23|user:ATVPDKIKX0DER|score:5|votes:0|help:0 ; date:1998-8-2|user:ATVPDKIKX0DER|score:4|votes:0|help:0 ; date:1998-9-10|user:A230A88YCOKBVL|score:5|votes:0|help:0 ; date:1998-10-12|user:ATVPDKIKX0DER|score:1|votes:2|help:0 ; date:1998-10-12|user:ATVPDKIKX0DER|score:1|votes:4|help:0 ; date:1998-10-12|user:ATVPDKIKX0DER|score:2|votes:0|help:0 ; date:1998-10-12|user:ATVPDKIKX0DER|score:2|votes:1|help:0 ; date:1998-10-12|user:ATVPDKIKX0DER|score:2|votes:5|help:1 ; date:1998-10-12|user:ATVPDKIKX0DER|score:2|votes:5|help:0 ; date:1998-10-12|user:ATVPDKIKX0DER|score:2|votes:2|help:0 ; date:1998-10-12|user:ATVPDKIKX0DER|score:2|votes:4|help:1 ; date:1998-10-12|user:ATVPDKIKX0DER|score:2|votes:0|help:0 ; date:1998-10-12|user:ATVPDKIKX0DER|score:2|votes:1|help:0 ; date:1998-10-12|user:ATVPDKIKX0DER|score:2|votes:0|help:0 ; date:1998-10-12|user:ATVPDKIKX0DER|score:2|votes:2|help:0 ; date:1998-10-12|user:ATVPDKIKX0DER|score:3|votes:0|help:0 ; date:1998-10-12|user:ATVPDKIKX0DER|score:3|votes:1|help:0 ; date:1998-10-12|user:ATVPDKIKX0DER|score:3|votes:0|help:0 ; date:1998-10-12|user:ATVPDKIKX0DER|score:3|votes:0|help:0 ; date:1998-10-12|user:ATVPDKIKX0DER|score:3|votes:1|help:0 ; date:1998-10-12|user:ATVPDKIKX0DER|score:3|votes:1|help:0 ; date:1998-10-12|user:ATVPDKIKX0DER|score:3|votes:2|help:0 ; date:1998-10-12|user:ATVPDKIKX0DER|score:3|votes:1|help:0 ; date:1998-10-12|user:ATVPDKIKX0DER|score:3|votes:1|help:0 ; date:1998-10-12|user:ATVPDKIKX0DER|score:3|votes:1|help:0 ; date:1998-10-12|user:ATVPDKIKX0DER|score:3|votes:2|help:0 ; date:1998-10-12|user:ATVPDKIKX0DER|score:3|votes:0|help:0 ; date:1998-10-12|user:ATVPDKIKX0DER|score:3|votes:0|help:0 ; date:1998-10-12|user:ATVPDKIKX0DER|score:3|votes:1|help:0 ; date:1998-10-12|user:ATVPDKIKX0DER|score:3|votes:1|help:1 ; date:1998-10-12|user:ATVPDKIKX0DER|score:3|votes:0|help:0 ; date:1998-10-12|user:ATVPDKIKX0DER|score:3|votes:0|help:0 ; date:1998-10-12|user:ATVPDKIKX0DER|score:3|votes:0|help:0 ; date:1998-10-12|user:ATVPDKIKX0DER|score:4|votes:0|help:0 ; date:1998-10-12|user:ATVPDKIKX0DER|score:4|votes:0|help:0 ; date:1998-10-12|user:ATVPDKIKX0DER|score:4|votes:0|help:0 ; date:1998-10-12|user:ATVPDKIKX0DER|score:4|votes:0|help:0 ; date:1998-10-12|user:ATVPDKIKX0DER|score:4|votes:0|help:0 ; date:1998-10-12|user:ATVPDKIKX0DER|score:4|votes:0|help:0 ; date:1998-10-12|user:ATVPDKIKX0DER|score:4|votes:1|help:0 ; date:1998-10-12|user:ATVPDKIKX0DER|score:4|votes:0|help:0 ; date:1998-10-12|user:ATVPDKIKX0DER|score:5|votes:0|help:0 ; date:1998-10-12|user:ATVPDKIKX0DER|score:5|votes:0|help:0 ; date:1998-10-21|user:ATVPDKIKX0DER|score:5|votes:1|help:1 ; date:1998-11-2|user:A1I9S7NKBPHBNN|score:5|votes:1|help:0 ; date:1998-11-2|user:ATVPDKIKX0DER|score:2|votes:0|help:0 ; date:1998-11-2|user:ATVPDKIKX0DER|score:3|votes:0|help:0 ; date:1998-11-2|user:ATVPDKIKX0DER|score:3|votes:0|help:0 ; date:1998-11-2|user:ATVPDKIKX0DER|score:4|votes:0|help:0 ; date:1998-11-5|user:ATVPDKIKX0DER|score:5|votes:0|help:0 ; date:1998-11-15|user:ATVPDKIKX0DER|score:3|votes:0|help:0 ; date:1998-11-22|user:ATVPDKIKX0DER|score:5|votes:0|help:0 ; date:1998-12-5|user:ATVPDKIKX0DER|score:4|votes:0|help:0 ; date:1998-12-10|user:A2V7SUGLMARMZC|score:4|votes:0|help:0 ; date:1998-12-10|user:AKS74JHVX35F7|score:5|votes:3|help:2 ; date:1998-12-29|user:AN8JA4IN8NXNZ|score:5|votes:2|help:2 ; date:1998-12-30|user:ATVPDKIKX0DER|score:5|votes:0|help:0 ; date:1999-1-22|user:A3JPKV93L66TUQ|score:5|votes:0|help:0 ; date:1999-2-9|user:ATVPDKIKX0DER|score:5|votes:3|help:3 ; date:1999-2-17|user:A3PUUCN4LY499U|score:5|votes:1|help:0 ; date:1999-3-6|user:ATVPDKIKX0DER|score:4|votes:1|help:0 ; date:1999-3-15|user:A2LSQQKE838XZS|score:5|votes:0|help:0 ; date:1999-3-21|user:ATVPDKIKX0DER|score:5|votes:1|help:1 ; date:1999-3-30|user:ATVPDKIKX0DER|score:5|votes:1|help:1 ; date:1999-4-21|user:A1EACFJMS65LYB|score:5|votes:0|help:0 ; date:1999-4-21|user:A3JCH89JB5XJK7|score:4|votes:0|help:0 ; date:1999-4-25|user:A1MLY7FAGJ2M7W|score:5|votes:0|help:0 ; date:1999-4-25|user:A21MQ1GAMAIELR|score:5|votes:1|help:1 ; date:1999-4-28|user:AZNAJELBCHEFY|score:5|votes:0|help:0 ; date:1999-5-5|user:A39USTZT2OOA2D|score:4|votes:0|help:0 ; date:1999-5-16|user:AB16R5DS4R83J|score:5|votes:1|help:1 ; date:1999-6-1|user:A1FHLFWZUIOLXT|score:2|votes:7|help:0 ; date:1999-6-5|user:ATVPDKIKX0DER|score:4|votes:1|help:1 ; date:1999-6-10|user:A1EDOWER7RO6KZ|score:5|votes:0|help:0 ; date:1999-6-17|user:A3MJMFLUR7KTO1|score:4|votes:0|help:0 ; date:1999-7-12|user:A1O5R43LZ9F9TW|score:5|votes:1|help:1 ; date:1999-7-13|user:ATVPDKIKX0DER|score:4|votes:0|help:0 ; date:1999-7-23|user:ATVPDKIKX0DER|score:5|votes:0|help:0 ; date:1999-8-6|user:ATVPDKIKX0DER|score:5|votes:0|help:0 ; date:1999-8-10|user:ACL1M3MZMTL6D|score:5|votes:2|help:2 ; date:1999-8-11|user:ATVPDKIKX0DER|score:3|votes:3|help:0 ; date:1999-8-11|user:ATVPDKIKX0DER|score:5|votes:0|help:0 ; date:1999-8-17|user:ATVPDKIKX0DER|score:5|votes:3|help:3 ; date:1999-8-23|user:A82V15M4N1Y5P|score:5|votes:1|help:1 ; date:1999-8-28|user:ATVPDKIKX0DER|score:5|votes:0|help:0 ; date:1999-9-6|user:A3EU51POFE5A8N|score:5|votes:15|help:7 ; date:1999-9-19|user:ATVPDKIKX0DER|score:2|votes:6|help:0 ; date:1999-9-26|user:AWIHJDPD4SCJB|score:4|votes:0|help:0 ; date:1999-10-27|user:ATVPDKIKX0DER|score:5|votes:0|help:0 ; date:1999-10-31|user:ASFVIUBJTIV27|score:5|votes:1|help:1 ; date:1999-11-6|user:A3T92PT1VF4AV2|score:5|votes:4|help:1 ; date:1999-11-18|user:AXTFS8ZQXJ6DP|score:4|votes:5|help:3 ; date:1999-11-19|user:ATVPDKIKX0DER|score:5|votes:1|help:1 ; date:1999-11-24|user:A14ME4FQBNFYWH|score:5|votes:1|help:1 ; date:1999-12-25|user:AJ3JJFDFLNMJQ|score:5|votes:2|help:1 ; date:2000-1-8|user:A1AZ64Z84RY52T|score:4|votes:2|help:2 ; date:2000-1-13|user:AIACVE6L0R382|score:2|votes:10|help:0 ; date:2000-1-13|user:AIACVE6L0R382|score:5|votes:2|help:1 ; date:2000-1-29|user:A2TGJHB5KXHYSY|score:5|votes:0|help:0 ; date:2000-1-29|user:A3NQU1649SH0Q4|score:4|votes:2|help:2 ; date:2000-1-30|user:A1T8GUJM9MSPGP|score:5|votes:0|help:0 ; date:2000-2-2|user:A1JHL5NAVC89DM|score:5|votes:2|help:1 ; date:2000-2-8|user:A3DP4WTZCMA4W9|score:5|votes:2|help:1 ; date:2000-2-12|user:A1LD51BJOSJXL2|score:5|votes:1|help:1 ; date:2000-2-15|user:A1KDZCFJWNK2FD|score:3|votes:2|help:0 ; date:2000-2-16|user:A3QN0KMYYAVHRR|score:5|votes:1|help:0 ; date:2000-2-16|user:ATVPDKIKX0DER|score:5|votes:9|help:6 ; date:2000-3-18|user:A1NIYEELNCMU64|score:5|votes:0|help:0 ; date:2000-3-19|user:A2F0Z6P9220HLH|score:3|votes:4|help:0 ; date:2000-3-23|user:A20VFCXL6VGKNN|score:5|votes:0|help:0 ; date:2000-3-24|user:A2ED2OYJH3EAON|score:5|votes:0|help:0 ; date:2000-3-25|user:AZL5ND16V2RPN|score:5|votes:2|help:1 ; date:2000-3-31|user:A9998RE3AEA95|score:4|votes:7|help:6 ; date:2000-3-31|user:A9998RE3AEA95|score:4|votes:2|help:1 ; date:2000-4-9|user:A1M574BHQET4AN|score:4|votes:1|help:0 ; date:2000-5-3|user:AIQPYPFQWG9OA|score:5|votes:7|help:4 ; date:2000-5-9|user:ATVPDKIKX0DER|score:5|votes:0|help:0 ; date:2000-5-20|user:A3F7RHVPZ3I75|score:5|votes:1|help:1 ; date:2000-5-21|user:A18MEX4IFQ897H|score:5|votes:0|help:0 ; date:2000-5-27|user:A2IE7YPWUYZAXS|score:4|votes:8|help:5 ; date:2000-5-28|user:A21U46X4ORI1ML|score:3|votes:5|help:0 ; date:2000-5-30|user:A3683Z8O0AVIHC|score:1|votes:16|help:2 ; date:2000-5-31|user:A29DFYOD89IJNF|score:3|votes:1|help:0 ; date:2000-6-3|user:A2NTJUI2DLZF4R|score:5|votes:0|help:0 ; date:2000-6-10|user:A3QXYDEQ02BSO1|score:1|votes:15|help:0 ; date:2000-6-11|user:A3RYWY224Y7DU3|score:5|votes:1|help:1 ; date:2000-6-15|user:ATOFFO1VNCAGQ|score:5|votes:2|help:2 ; date:2000-6-25|user:AN8JA4IN8NXNZ|score:5|votes:1|help:1 ; date:2000-7-2|user:ATZML9TLUHYMA|score:4|votes:0|help:0 ; date:2000-7-24|user:ANM60SB7ELKBT|score:5|votes:1|help:0 ; date:2000-8-2|user:A1HYHMD6CZIWPP|score:4|votes:1|help:0 ; date:2000-8-8|user:A3HK65CAYLZI4E|score:4|votes:2|help:0 ; date:2000-9-7|user:A1MJMYLRTZ76ZX|score:4|votes:1|help:1 ; date:2000-9-8|user:A3UN6WX5RRO2AG|score:5|votes:2|help:1 ; date:2000-10-3|user:A3MCC5MAJYJYMD|score:4|votes:0|help:0 ; date:2000-11-2|user:ATVPDKIKX0DER|score:4|votes:2|help:2 ; date:2000-11-22|user:AEE2GJR0VF6R7|score:5|votes:2|help:0 ; date:2000-11-27|user:A1TR2CQOGGGWX0|score:2|votes:7|help:0 ; date:2000-11-30|user:A2B53HXP0V1T1G|score:5|votes:3|help:1 ; date:2000-12-4|user:A3IX9NXQ88AFDY|score:5|votes:0|help:0 ; date:2000-12-4|user:A3M8Y8V52FRSQO|score:5|votes:1|help:1 ; date:2000-12-11|user:A2PR5GA3JEM0EO|score:5|votes:7|help:6 ; date:2000-12-28|user:A1K1JW1C5CUSUZ|score:5|votes:23|help:23 ; date:2000-12-29|user:AWNHYKRY4ZZ9O|score:5|votes:1|help:1 ; date:2001-1-13|user:A112R6SVDDLK6J|score:5|votes:0|help:0 ; date:2001-2-16|user:A3RNVKMW2DXJN9|score:5|votes:0|help:0 ; date:2001-3-4|user:A12VUPNCP69SSN|score:5|votes:0|help:0 ; date:2001-3-7|user:ABSNL595OHNFK|score:5|votes:1|help:1 ; date:2001-3-14|user:A3MUWRY5Z4NBC7|score:5|votes:1|help:1 ; date:2001-3-31|user:A27VJVE1SKAU8C|score:4|votes:3|help:3 ; date:2001-4-20|user:A2CRUETJKX1WA5|score:5|votes:2|help:2 ; date:2001-4-28|user:A3UN6WX5RRO2AG|score:5|votes:1|help:1 ; date:2001-4-30|user:A3QVJNQJJB5FH3|score:3|votes:2|help:1 ; date:2001-4-30|user:AJ7JMS9SH4MVN|score:4|votes:3|help:3 ; date:2001-5-15|user:A201PMTK14ZFCK|score:3|votes:4|help:0 ; date:2001-5-16|user:A2FJ32OO0OZBEF|score:5|votes:0|help:0 ; date:2001-5-27|user:A1EKTLUL24HDG8|score:5|votes:9|help:8 ; date:2001-5-29|user:A14OIIGFMS9A20|score:4|votes:3|help:0 ; date:2001-6-25|user:A3QZCA4LTTVGAD|score:5|votes:4|help:4 ; date:2001-6-27|user:A13DBNDBENW120|score:5|votes:0|help:0 ; date:2001-6-27|user:A2O6AIFJGSN07J|score:4|votes:1|help:1 ; date:2001-7-4|user:A17NMBHEB59P8J|score:2|votes:2|help:0 ; date:2001-7-4|user:A17NMBHEB59P8J|score:2|votes:11|help:0 ; date:2001-7-6|user:A227PDBEENAD5M|score:5|votes:2|help:2 ; date:2001-7-15|user:A3CCYAQRHUTPIQ|score:5|votes:1|help:1 ; date:2001-7-31|user:AR0J5TIGDKHC5|score:5|votes:6|help:6 ; date:2001-8-13|user:A3SO4SZPDNW0S3|score:2|votes:0|help:0 ; date:2001-8-22|user:A1JJOV69MAU2J2|score:5|votes:8|help:8 ; date:2001-11-18|user:A3TSE6WDC8152O|score:5|votes:1|help:0 ; date:2001-11-18|user:A3TSE6WDC8152O|score:5|votes:1|help:1 ; date:2001-12-2|user:A2Q5Y7GE581VVV|score:5|votes:3|help:2 ; date:2001-12-16|user:A3UN6WX5RRO2AG|score:5|votes:5|help:5 ; date:2002-1-28|user:A1LTNFTYVF2057|score:4|votes:2|help:2 ; date:2002-2-11|user:A2DUE74OJHX4JM|score:5|votes:3|help:1 ; date:2002-3-2|user:A1VUNBWIO9W2B7|score:1|votes:27|help:1 ; date:2002-3-11|user:A1R77GO77FBLMJ|score:5|votes:1|help:1 ; date:2002-5-20|user:A2SETXU4UY67C9|score:4|votes:4|help:4 ; date:2002-5-29|user:A2R8HSOELFEQNP|score:5|votes:1|help:0 ; date:2002-6-3|user:A23IQHUZ6F7DOL|score:3|votes:1|help:1 ; date:2002-6-4|user:A1ERDXS0QLEVKB|score:4|votes:6|help:5 ; date:2002-6-4|user:A2XXM6QV508VXZ|score:3|votes:3|help:1 ; date:2002-6-25|user:A37XGUQ1VH0XM6|score:5|votes:0|help:0 ; date:2002-8-19|user:A2I5406XT0H9VD|score:5|votes:2|help:2 ; date:2002-9-11|user:A2K29Y1EDOJ5EK|score:5|votes:2|help:0 ; date:2002-9-18|user:A1NR59KNVO9QQY|score:2|votes:11|help:8 ; date:2002-10-7|user:ATRVL71MT2YOJ|score:5|votes:3|help:0 ; date:2002-11-20|user:A149T50F2ZSDLY|score:4|votes:0|help:0 ; date:2002-12-4|user:AM35LJWUD8EIJ|score:4|votes:4|help:0 ; date:2003-1-9|user:A5OCLHL9BI7MQ|score:5|votes:9|help:9 ; date:2003-1-10|user:ANV1L6FWTROD3|score:5|votes:1|help:1 ; date:2003-1-13|user:A3R4E8KYATU6RT|score:5|votes:2|help:2 ; date:2003-1-14|user:A2FBV6BC7N8WKW|score:5|votes:12|help:11 ; date:2003-2-24|user:ANK68QCUYUVVX|score:5|votes:0|help:0 ; date:2003-3-1|user:A2R02748UFF3BS|score:4|votes:0|help:0 ; date:2003-3-7|user:A1576SID40ALJ6|score:5|votes:2|help:1 ; date:2003-3-12|user:AWB45ZO9HIVAN|score:5|votes:3|help:0 ; date:2003-3-25|user:A2N8L4FH238FM7|score:5|votes:1|help:1 ; date:2003-3-30|user:A2B9Y0WXNSN17U|score:5|votes:2|help:2 ; date:2003-5-18|user:A20MBUOT9S7AEP|score:5|votes:2|help:2 ; date:2003-5-23|user:A27ZH1AQORJ1L|score:4|votes:3|help:3 ; date:2003-6-19|user:A1XNXHTPQRACRO|score:4|votes:3|help:3 ; date:2003-7-12|user:A35RCS8JPVXLJB|score:5|votes:0|help:0 ; date:2003-7-16|user:AOVJYIUATQKR5|score:5|votes:0|help:0 ; date:2003-8-10|user:A20YTRZY43834E|score:3|votes:6|help:4 ; date:2003-8-20|user:A3UBUZKUZ5QTWD|score:1|votes:26|help:1 ; date:2003-8-24|user:A3DK4DS9TRKBXJ|score:2|votes:14|help:3 ; date:2003-9-13|user:APOF0G3CUSYKC|score:2|votes:11|help:2 ; date:2003-11-17|user:A2Y59UIT8C78E|score:4|votes:1|help:1 ; date:2003-12-27|user:A1IU7S4HCK1XK0|score:4|votes:3|help:2 ; date:2004-1-9|user:A1C664WL5BVF62|score:5|votes:0|help:0 ; date:2004-1-28|user:ABXS6V4QHR1UH|score:5|votes:0|help:0 ; date:2004-2-4|user:A20MBUOT9S7AEP|score:5|votes:0|help:0 ; date:2004-2-16|user:ANR3S936L9JGT|score:2|votes:5|help:4 ; date:2004-3-20|user:AZ0PCEZUTF5QO|score:5|votes:2|help:2 ; date:2004-5-20|user:AFH4FJ5OQWBLE|score:5|votes:1|help:1 ; date:2004-5-20|user:AFH4FJ5OQWBLE|score:5|votes:0|help:0 ; date:2004-5-30|user:A3AZFKRMQXYG5A|score:5|votes:0|help:0 ; date:2004-6-1|user:A3AMTLHH9GJG5V|score:4|votes:0|help:0 ; date:2004-6-1|user:A3UN6WX5RRO2AG|score:3|votes:1|help:0 ; date:2004-6-8|user:A3UN6WX5RRO2AG|score:3|votes:4|help:1 ; date:2004-6-15|user:A1PTVQ8MCKKA2F|score:5|votes:0|help:0 ; date:2004-6-22|user:A2ZIGSHMIW4ODJ|score:5|votes:1|help:1 ; date:2004-6-24|user:A1CIRMGYFJ53XK|score:3|votes:3|help:1 ; date:2004-10-9|user:A1J0YNR1SSFCVS|score:4|votes:1|help:1 ; date:2004-10-14|user:A3F334D0TEQ19N|score:5|votes:0|help:0 ; date:2004-11-22|user:A2HOWXB0Z3V0LA|score:5|votes:0|help:0 ; date:2005-1-3|user:AA4YHHSIDMOSR|score:5|votes:0|help:0 ; date:2005-1-10|user:A3UN6WX5RRO2AG|score:3|votes:3|help:1 ; date:2005-1-22|user:AZC1MHP1KFCSS|score:5|votes:1|help:1 ; date:2005-2-15|user:A1OMUNEXJZDKKZ|score:5|votes:3|help:3 ; date:2005-3-4|user:A2O8NWM7V0B6BQ|score:4|votes:0|help:0 ; date:2005-4-26|user:A2W7WWR0AOCD3E|score:5|votes:0|help:0 ; date:2005-4-28|user:A3E8QNDC7CV44|score:5|votes:3|help:3 ; date:2005-5-16|user:AWLFVCT9128JV|score:5|votes:1|help:1 ; date:2005-5-24|user:A3CJYEFY8EF0WH|score:3|votes:1|help:1 ; date:2005-6-2|user:A1DXJ7UK7YUO1N|score:5|votes:1|help:1 ; date:2005-6-4|user:A12IRGQLFE4EBA|score:5|votes:0|help:0 ; date:2005-6-11|user:A26TSW6AI59ZCV|score:5|votes:3|help:2 ; date:2005-6-18|user:A2H1GX9PVCMAXA|score:2|votes:0|help:0
1250,0553260456,Fire Watch,Book,193388,5,0553564366;0553270257;0553562967;0553575384;0553562940,3,"|Books[283155]|Subjects[1000]|Science Fiction & Fantasy[25]|Authors, A-Z[14652]|( W )[16082]|Willis, Connie[16142] ; |Books[283155]|Subjects[1000]|Science Fiction & Fantasy[25]|Fantasy[16190]|General[16199] ; |Books[283155]|Subjects[1000]|Science Fiction & Fantasy[25]|Science Fiction[16272]|General[16282]",16,15,4.0,date:1998-7-21|user:A37PS3K70LNLNN|score:2|votes:1|help:1 ; date:1998-10-25|user:A34CHZRB6QNPJS|score:5|votes:3|help:2 ; date:1999-1-6|user:ATVPDKIKX0DER|score:5|votes:5|help:5 ; date:1999-6-30|user:A2HLK00J2CVH6W|score:5|votes:8|help:8 ; date:2000-5-22|user:A1IDAZFLHICTZ8|score:5|votes:2|help:2 ; date:2000-7-16|user:A18JORXY0YARAX|score:5|votes:3|help:3 ; date:2000-9-23|user:A1I0422Z9IK7OX|score:4|votes:5|help:5 ; date:2000-11-8|user:AGWJIUJMTT2PU|score:5|votes:17|help:16 ; date:2001-6-7|user:A379A97PZPCFZY|score:2|votes:7|help:1 ; date:2001-12-13|user:A33KXAI8L7BUS3|score:4|votes:1|help:1 ; date:2003-4-11|user:A267CBWBL2LIMP|score:5|votes:3|help:1 ; date:2003-8-5|user:A2ZK3YCX2L8MI8|score:3|votes:3|help:1 ; date:2004-2-9|user:A1AUBGENRIZODO|score:4|votes:14|help:14 ; date:2004-4-4|user:A2MAB5Q4XA209W|score:4|votes:8|help:6 ; date:2005-6-19|user:A1REUA9M4N6JXW|score:4|votes:0|help:0
1309,0521596475,Science Fiction Film (Genres in American Cinema),Book,482619,5,0879109947;081352492X;1903364035;1859842593;0415215951,4,|Books[283155]|Subjects[1000]|Entertainment[86]|Movies[4484]|History & Criticism[4495] ; |Books[283155]|Subjects[1000]|Nonfiction[53]|Current Events[10546]|Mass Media[10565]|Media Studies[10570] ; |Books[283155]|Subjects[1000]|Science Fiction & Fantasy[25]|Science Fiction[16272]|History & Criticism[16288] ; |Books[283155]|Subjects[1000]|Nonfiction[53]|Social Sciences[11232]|Media Studies[13022421],1,1,3.0,date:2004-8-13|user:A2IBS27RBKV3LJ|score:3|votes:1|help:0
1371,0553298046,"Specter of the Past (Star Wars: The Hand of Thrawn, Book One)",Book,18558,5,0553564927;0553560719;0553296124;0345459164;0553574140,2,|Books[283155]|Subjects[1000]|Science Fiction & Fantasy[25]|Science Fiction[16272]|General[16282] ; |Books[283155]|Subjects[1000]|Science Fiction & Fantasy[25]|Science Fiction[16272]|Series[16306]|Media Series[16290]|Star Wars[281542],221,221,4.5,date:1997-11-21|user:ALALYV9IRH4WR|score:2|votes:0|help:0 ; date:1997-11-24|user:A32QPTBZX7HNWN|score:2|votes:0|help:0 ; date:1997-12-1|user:ATVPDKIKX0DER|score:4|votes:0|help:0 ; date:1997-12-4|user:ATVPDKIKX0DER|score:3|votes:1|help:1 ; date:1997-12-4|user:ATVPDKIKX0DER|score:5|votes:0|help:0 ; date:1997-12-6|user:ATVPDKIKX0DER|score:5|votes:0|help:0 ; date:1997-12-11|user:ATVPDKIKX0DER|score:5|votes:0|help:0 ; date:1997-12-28|user:ATVPDKIKX0DER|score:5|votes:0|help:0 ; date:1998-1-1|user:ATVPDKIKX0DER|score:4|votes:0|help:0 ; date:1998-1-1|user:ATVPDKIKX0DER|score:5|votes:0|help:0 ; date:1998-1-2|user:AS01Z21CH13BL|score:4|votes:0|help:0 ; date:1998-1-3|user:A2NQG0RZ6M0TWO|score:4|votes:0|help:0 ; date:1998-1-4|user:ATVPDKIKX0DER|score:5|votes:0|help:0 ; date:1998-1-6|user:AXQBIC8P94P7X|score:5|votes:0|help:0 ; date:1998-1-10|user:A2UVSULGPIP5PJ|score:5|votes:0|help:0 ; date:1998-1-16|user:ATVPDKIKX0DER|score:5|votes:0|help:0 ; date:1998-2-1|user:A17C7HONL0CI1Y|score:4|votes:0|help:0 ; date:1998-2-4|user:ATVPDKIKX0DER|score:4|votes:0|help:0 ; date:1998-2-8|user:ATVPDKIKX0DER|score:5|votes:0|help:0 ; date:1998-2-15|user:A3VO1X3C8EGFN5|score:2|votes:1|help:0 ; date:1998-2-17|user:ATVPDKIKX0DER|score:5|votes:0|help:0 ; date:1998-2-18|user:A3E6IAOOW1ADAX|score:5|votes:0|help:0 ; date:1998-2-24|user:A2S166WSCFIFP5|score:4|votes:0|help:0 ; date:1998-2-26|user:ATVPDKIKX0DER|score:4|votes:0|help:0 ; date:1998-2-28|user:A1ILBCMAUHL0BH|score:5|votes:0|help:0 ; date:1998-3-5|user:ATVPDKIKX0DER|score:5|votes:0|help:0 ; date:1998-3-8|user:A197PGXGJIAJ0X|score:5|votes:0|help:0 ; date:1998-3-9|user:ATVPDKIKX0DER|score:5|votes:0|help:0 ; date:1998-3-21|user:ATVPDKIKX0DER|score:5|votes:0|help:0 ; date:1998-3-22|user:ANRZPCYZBXLAU|score:5|votes:0|help:0 ; date:1998-3-25|user:ATVPDKIKX0DER|score:5|votes:0|help:0 ; date:1998-3-31|user:ATVPDKIKX0DER|score:5|votes:0|help:0 ; date:1998-4-3|user:ATVPDKIKX0DER|score:5|votes:0|help:0 ; date:1998-4-5|user:A2JQ82OAT43PNN|score:5|votes:0|help:0 ; date:1998-4-6|user:ATVPDKIKX0DER|score:3|votes:2|help:0 ; date:1998-4-9|user:ATVPDKIKX0DER|score:5|votes:0|help:0 ; date:1998-4-12|user:A2MXM6BFV84TSB|score:5|votes:0|help:0 ; date:1998-4-13|user:ATVPDKIKX0DER|score:5|votes:0|help:0 ; date:1998-4-19|user:AXYQ6IEC4T675|score:5|votes:0|help:0 ; date:1998-4-20|user:ATVPDKIKX0DER|score:5|votes:0|help:0 ; date:1998-4-21|user:AS1699UUHLM3H|score:5|votes:0|help:0 ; date:1998-4-21|user:ATVPDKIKX0DER|score:5|votes:0|help:0 ; date:1998-4-23|user:ATVPDKIKX0DER|score:4|votes:0|help:0 ; date:1998-4-23|user:ATVPDKIKX0DER|score:5|votes:1|help:1 ; date:1998-4-26|user:ATVPDKIKX0DER|score:5|votes:0|help:0 ; date:1998-4-28|user:ATVPDKIKX0DER|score:5|votes:0|help:0 ; date:1998-4-29|user:A1GF1SUJ7EN8OV|score:4|votes:0|help:0 ; date:1998-5-1|user:ATVPDKIKX0DER|score:4|votes:1|help:1 ; date:1998-5-2|user:ATVPDKIKX0DER|score:5|votes:0|help:0 ; date:1998-5-13|user:A2K6R5BL3QVJ0J|score:2|votes:0|help:0 ; date:1998-5-16|user:ATVPDKIKX0DER|score:5|votes:0|help:0 ; date:1998-5-20|user:ATVPDKIKX0DER|score:5|votes:0|help:0 ; date:1998-5-26|user:ATVPDKIKX0DER|score:5|votes:0|help:0 ; date:1998-6-1|user:A1OJ8NR5QGPUBH|score:5|votes:0|help:0 ; date:1998-6-1|user:A3KZIEXZML972K|score:5|votes:0|help:0 ; date:1998-6-1|user:A3Q4UMYT97IZ4B|score:3|votes:0|help:0 ; date:1998-6-4|user:ALO3N7M9YMOP4|score:5|votes:0|help:0 ; date:1998-6-5|user:ADUVZ66C00ZZ8|score:4|votes:0|help:0 ; date:1998-6-10|user:A33LR3QJ27PGWT|score:5|votes:0|help:0 ; date:1998-6-10|user:ATVPDKIKX0DER|score:5|votes:0|help:0 ; date:1998-6-13|user:ATVPDKIKX0DER|score:4|votes:0|help:0 ; date:1998-6-16|user:ATVPDKIKX0DER|score:5|votes:1|help:0 ; date:1998-6-16|user:ATVPDKIKX0DER|score:5|votes:0|help:0 ; date:1998-6-19|user:ATVPDKIKX0DER|score:4|votes:0|help:0 ; date:1998-6-19|user:ATVPDKIKX0DER|score:5|votes:0|help:0 ; date:1998-6-20|user:ATVPDKIKX0DER|score:5|votes:0|help:0 ; date:1998-6-21|user:ATVPDKIKX0DER|score:4|votes:0|help:0 ; date:1998-6-23|user:ATVPDKIKX0DER|score:5|votes:0|help:0 ; date:1998-6-30|user:A34OYSYUTHDFUX|score:5|votes:0|help:0 ; date:1998-6-30|user:ATVPDKIKX0DER|score:3|votes:3|help:1 ; date:1998-7-1|user:A1FTB69XDOO2RN|score:4|votes:1|help:1 ; date:1998-7-3|user:ATVPDKIKX0DER|score:4|votes:0|help:0 ; date:1998-7-6|user:ATVPDKIKX0DER|score:2|votes:0|help:0 ; date:1998-7-6|user:ATVPDKIKX0DER|score:5|votes:0|help:0 ; date:1998-7-7|user:A1SSKGGOZK3NSS|score:5|votes:0|help:0 ; date:1998-7-8|user:ATVPDKIKX0DER|score:5|votes:0|help:0 ; date:1998-7-10|user:ATVPDKIKX0DER|score:4|votes:0|help:0 ; date:1998-7-12|user:ATVPDKIKX0DER|score:5|votes:0|help:0 ; date:1998-7-13|user:ATVPDKIKX0DER|score:4|votes:0|help:0 ; date:1998-7-14|user:ATVPDKIKX0DER|score:4|votes:0|help:0 ; date:1998-7-15|user:ATVPDKIKX0DER|score:5|votes:0|help:0 ; date:1998-7-16|user:ATVPDKIKX0DER|score:5|votes:0|help:0 ; date:1998-7-17|user:ATVPDKIKX0DER|score:4|votes:2|help:1 ; date:1998-7-25|user:ATVPDKIKX0DER|score:5|votes:1|help:1 ; date:1998-7-26|user:ATVPDKIKX0DER|score:5|votes:1|help:1 ; date:1998-7-28|user:ATVPDKIKX0DER|score:5|votes:0|help:0 ; date:1998-8-22|user:ATVPDKIKX0DER|score:1|votes:1|help:0 ; date:1998-8-22|user:ATVPDKIKX0DER|score:1|votes:1|help:0 ; date:1998-8-22|user:ATVPDKIKX0DER|score:4|votes:0|help:0 ; date:1998-8-22|user:ATVPDKIKX0DER|score:5|votes:0|help:0 ; date:1998-8-31|user:ATVPDKIKX0DER|score:5|votes:0|help:0 ; date:1998-9-4|user:A1X122EPECIPPH|score:5|votes:0|help:0 ; date:1998-9-9|user:ATVPDKIKX0DER|score:5|votes:0|help:0 ; date:1998-9-14|user:ATVPDKIKX0DER|score:5|votes:0|help:0 ; date:1998-9-16|user:ASSSFI9T10VFD|score:5|votes:0|help:0 ; date:1998-9-20|user:A2BVOBG7YDSVOZ|score:4|votes:0|help:0 ; date:1998-9-26|user:ATVPDKIKX0DER|score:5|votes:0|help:0 ; date:1998-9-28|user:ATVPDKIKX0DER|score:5|votes:0|help:0 ; date:1998-9-29|user:ATVPDKIKX0DER|score:3|votes:0|help:0 ; date:1998-9-30|user:ATVPDKIKX0DER|score:3|votes:0|help:0 ; date:1998-10-1|user:A8ZK4NWB5UYZZ|score:5|votes:2|help:2 ; date:1998-10-4|user:ATVPDKIKX0DER|score:5|votes:0|help:0 ; date:1998-10-5|user:ATVPDKIKX0DER|score:5|votes:0|help:0 ; date:1998-10-11|user:ATVPDKIKX0DER|score:5|votes:0|help:0 ; date:1998-10-12|user:A3E8MWXHBVOW7J|score:5|votes:0|help:0 ; date:1998-10-17|user:ATVPDKIKX0DER|score:5|votes:0|help:0 ; date:1998-10-20|user:A2HZPCGP5KQ3O2|score:4|votes:0|help:0 ; date:1998-10-23|user:ATVPDKIKX0DER|score:3|votes:1|help:1 ; date:1998-10-26|user:AH4GX00VXDBJB|score:4|votes:0|help:0 ; date:1998-10-27|user:ATVPDKIKX0DER|score:5|votes:0|help:0 ; date:1998-11-4|user:A13HKI7W1GXV13|score:5|votes:0|help:0 ; date:1998-11-5|user:ATVPDKIKX0DER|score:3|votes:1|help:0 ; date:1998-11-6|user:ATVPDKIKX0DER|score:5|votes:0|help:0 ; date:1998-11-10|user:ATVPDKIKX0DER|score:5|votes:0|help:0 ; date:1998-11-18|user:ATVPDKIKX0DER|score:5|votes:0|help:0 ; date:1998-11-29|user:ATVPDKIKX0DER|score:5|votes:0|help:0 ; date:1998-12-1|user:ATVPDKIKX0DER|score:4|votes:0|help:0 ; date:1998-12-2|user:ATVPDKIKX0DER|score:5|votes:0|help:0 ; date:1998-12-5|user:A2KNQVL0M08MG6|score:5|votes:0|help:0 ; date:1998-12-9|user:ATVPDKIKX0DER|score:4|votes:0|help:0 ; date:1998-12-13|user:A1VH6QLUU5OIWL|score:5|votes:0|help:0 ; date:1998-12-27|user:A1U191F4RL7347|score:5|votes:0|help:0 ; date:1998-12-28|user:ATVPDKIKX0DER|score:5|votes:0|help:0 ; date:1998-12-29|user:ATVPDKIKX0DER|score:3|votes:0|help:0 ; date:1998-12-30|user:ATVPDKIKX0DER|score:2|votes:0|help:0 ; date:1998-12-30|user:ATVPDKIKX0DER|score:5|votes:0|help:0 ; date:1998-12-31|user:ATVPDKIKX0DER|score:5|votes:0|help:0 ; date:1999-1-1|user:A39B0BH02D9PKV|score:5|votes:0|help:0 ; date:1999-1-8|user:ATVPDKIKX0DER|score:5|votes:0|help:0 ; date:1999-1-8|user:ATVPDKIKX0DER|score:5|votes:0|help:0 ; date:1999-1-14|user:ATVPDKIKX0DER|score:5|votes:0|help:0 ; date:1999-1-17|user:ATVPDKIKX0DER|score:5|votes:0|help:0 ; date:1999-1-18|user:A3FMKQ8UCUVOGJ|score:5|votes:0|help:0 ; date:1999-1-21|user:A3SBC80E35160A|score:4|votes:0|help:0 ; date:1999-2-4|user:A29XGB2Y3RXENZ|score:5|votes:0|help:0 ; date:1999-2-4|user:ATVPDKIKX0DER|score:1|votes:0|help:0 ; date:1999-2-7|user:ATVPDKIKX0DER|score:1|votes:1|help:0 ; date:1999-2-8|user:ATVPDKIKX0DER|score:4|votes:0|help:0 ; date:1999-2-10|user:A2HZPCGP5KQ3O2|score:5|votes:1|help:0 ; date:1999-2-11|user:A2NKHA2EFY8QXV|score:5|votes:1|help:1 ; date:1999-2-19|user:ATVPDKIKX0DER|score:5|votes:0|help:0 ; date:1999-2-24|user:ATVPDKIKX0DER|score:3|votes:0|help:0 ; date:1999-3-8|user:ATVPDKIKX0DER|score:4|votes:0|help:0 ; date:1999-4-1|user:ATVPDKIKX0DER|score:3|votes:0|help:0 ; date:1999-4-5|user:ATVPDKIKX0DER|score:4|votes:0|help:0 ; date:1999-4-7|user:ATVPDKIKX0DER|score:3|votes:0|help:0 ; date:1999-4-13|user:ATVPDKIKX0DER|score:5|votes:0|help:0 ; date:1999-4-15|user:ATVPDKIKX0DER|score:5|votes:0|help:0 ; date:1999-4-18|user:ATVPDKIKX0DER|score:5|votes:0|help:0 ; date:1999-4-20|user:A2X6G1LN36PCW5|score:5|votes:0|help:0 ; date:1999-5-10|user:ATVPDKIKX0DER|score:4|votes:0|help:0 ; date:1999-5-14|user:A1SJD6BBIPQJQ3|score:5|votes:0|help:0 ; date:1999-5-24|user:ATVPDKIKX0DER|score:4|votes:0|help:0 ; date:1999-5-24|user:ATVPDKIKX0DER|score:5|votes:0|help:0 ; date:1999-5-30|user:ATVPDKIKX0DER|score:5|votes:0|help:0 ; date:1999-6-6|user:A33IGGSII3WSQM|score:5|votes:0|help:0 ; date:1999-6-12|user:ATVPDKIKX0DER|score:1|votes:3|help:0 ; date:1999-6-18|user:ATVPDKIKX0DER|score:5|votes:0|help:0 ; date:1999-6-22|user:A22NELQ0FB48MN|score:5|votes:3|help:2 ; date:1999-6-22|user:ATVPDKIKX0DER|score:5|votes:0|help:0 ; date:1999-6-26|user:ATVPDKIKX0DER|score:3|votes:0|help:0 ; date:1999-7-8|user:ATVPDKIKX0DER|score:1|votes:2|help:0 ; date:1999-7-9|user:A1Y3HTM5HADN57|score:3|votes:0|help:0 ; date:1999-7-9|user:A7MIFOS4BRF3T|score:4|votes:0|help:0 ; date:1999-7-11|user:ATVPDKIKX0DER|score:5|votes:0|help:0 ; date:1999-7-19|user:A30IWGQ5VE3KYX|score:5|votes:0|help:0 ; date:1999-7-19|user:ATVPDKIKX0DER|score:5|votes:0|help:0 ; date:1999-7-30|user:ATVPDKIKX0DER|score:1|votes:4|help:0 ; date:1999-8-8|user:ATVPDKIKX0DER|score:5|votes:0|help:0 ; date:1999-8-12|user:ATVPDKIKX0DER|score:5|votes:0|help:0 ; date:1999-8-19|user:ATVPDKIKX0DER|score:4|votes:1|help:0 ; date:1999-8-26|user:ATVPDKIKX0DER|score:5|votes:0|help:0 ; date:1999-9-3|user:ATVPDKIKX0DER|score:4|votes:1|help:0 ; date:1999-9-17|user:A2RKAICMYXHS55|score:5|votes:0|help:0 ; date:1999-9-19|user:ATVPDKIKX0DER|score:5|votes:1|help:1 ; date:1999-9-26|user:AN8UTKRDIF1PS|score:3|votes:6|help:4 ; date:1999-10-23|user:A3MHUVYPNEVB32|score:4|votes:1|help:1 ; date:1999-10-23|user:ATVPDKIKX0DER|score:5|votes:9|help:6 ; date:1999-10-26|user:ATVPDKIKX0DER|score:5|votes:2|help:2 ; date:1999-11-29|user:A3L0H7C3CG1JQQ|score:5|votes:4|help:0 ; date:1999-11-30|user:A15VBRARHDX70K|score:5|votes:30|help:27 ; date:1999-12-1|user:A3KV5RYH6DN0GY|score:5|votes:0|help:0 ; date:1999-12-7|user:A3GPT1UQ3PB6I3|score:5|votes:4|help:4 ; date:1999-12-28|user:A1NSM1V5SQIQQP|score:4|votes:3|help:3 ; date:2000-1-10|user:ABR9DCQ2NKHS9|score:5|votes:3|help:2 ; date:2000-1-19|user:AUOMJSU5F9VGA|score:5|votes:1|help:1 ; date:2000-1-19|user:AUOMJSU5F9VGA|score:5|votes:0|help:0 ; date:2000-2-5|user:A1XT1YEIH9B78D|score:5|votes:1|help:0 ; date:2000-3-10|user:A2R6UY3HOSVSGW|score:5|votes:1|help:0 ; date:2000-5-15|user:ADNB55CTSX30C|score:5|votes:0|help:0 ; date:2000-5-30|user:A3CZ6HCNQU7GD9|score:5|votes:0|help:0 ; date:2000-5-31|user:A15IBMUEW31MGE|score:5|votes:2|help:2 ; date:2000-7-4|user:ATVPDKIKX0DER|score:4|votes:0|help:0 ; date:2000-7-6|user:A3DHNRPHQX0O68|score:5|votes:1|help:0 ; date:2000-7-21|user:A1E96Y02P5AQPL|score:5|votes:1|help:1 ; date:2000-8-22|user:A3V98ZMX2MU73L|score:4|votes:2|help:1 ; date:2000-10-12|user:A300N25RXDG8D1|score:4|votes:0|help:0 ; date:2000-11-26|user:A2411FAX7ZK1RY|score:5|votes:0|help:0 ; date:2001-1-16|user:A3C9D05NO7A9DU|score:5|votes:0|help:0 ; date:2001-2-17|user:A2O3HUMA1EAIV9|score:4|votes:1|help:1 ; date:2001-2-21|user:A2AW2VSUTDOCA3|score:5|votes:2|help:1 ; date:2001-6-25|user:AMQ3U2TLX5026|score:5|votes:0|help:0 ; date:2001-7-1|user:A3U85M3JCZ5GJ8|score:5|votes:2|help:2 ; date:2001-7-18|user:A2FCG57I2Z6VC0|score:4|votes:0|help:0 ; date:2001-8-17|user:A3B2NLCMYULJHT|score:4|votes:0|help:0 ; date:2001-9-3|user:AV6TMN9CYUJG0|score:5|votes:0|help:0 ; date:2001-9-9|user:A1RHVJINXE78QQ|score:4|votes:0|help:0 ; date:2001-9-17|user:A2QQHIY23PL7H3|score:4|votes:3|help:2 ; date:2001-9-25|user:AM3BITQCZ3S4A|score:4|votes:5|help:1 ; date:2002-1-22|user:ALGBJDBT8WN3N|score:4|votes:4|help:2 ; date:2003-3-25|user:A36WN0Y550VLXC|score:4|votes:0|help:0 ; date:2003-5-31|user:A3UN6WX5RRO2AG|score:5|votes:0|help:0 ; date:2003-7-17|user:A118K3NR8Y9YJ9|score:4|votes:1|help:1 ; date:2003-9-2|user:A2NNTNC715AJ50|score:5|votes:4|help:4 ; date:2003-10-13|user:A1GPGBHBI6T2HJ|score:5|votes:5|help:4 ; date:2003-11-11|user:A2MC0VLRASE3IH|score:5|votes:3|help:1 ; date:2004-2-16|user:A1TR0WPC93BEC8|score:5|votes:4|help:4 ; date:2004-7-6|user:AFMF4F9QW2JDS|score:4|votes:2|help:2 ; date:2004-7-10|user:A2UPMM55UMV2PC|score:5|votes:6|help:1 ; date:2005-1-25|user:A1LHQCRWJNZI0B|score:5|votes:2|help:2 ; date:2005-5-17|user:A2FOZVHA7922QG|score:2|votes:4|help:0
1432,0345330706,Swords of the Legion (Videssos Cycle),Book,287452,5,0345330684;0345330676;0345361180;0345361199;0345380460,4,"|Books[283155]|Subjects[1000]|Science Fiction & Fantasy[25]|Fantasy[16190]|General[16199] ; |Books[283155]|Subjects[1000]|Science Fiction & Fantasy[25]|Science Fiction[16272]|Series[16306]|General[224692] ; |Books[283155]|Subjects[1000]|Science Fiction & Fantasy[25]|Authors, A-Z[14652]|( T )[16011]|Turtledove, Harry[16045]|General[284616] ; |Books[283155]|Subjects[1000]|Science Fiction & Fantasy[25]|Authors, A-Z[14652]|( T )[16011]|Turtledove, Harry[16045]|Paperback[285634]",7,7,5.0,date:1997-2-18|user:A22F9HFNFYFJ16|score:5|votes:3|help:2 ; date:1997-7-29|user:A1VT0IMGDF8G08|score:5|votes:3|help:3 ; date:1999-3-9|user:ATVPDKIKX0DER|score:5|votes:2|help:0 ; date:1999-6-8|user:ATVPDKIKX0DER|score:5|votes:5|help:3 ; date:2000-8-28|user:A2PAPGI6TA0A00|score:5|votes:8|help:8 ; date:2001-1-6|user:A32QCO973SRIYD|score:5|votes:5|help:4 ; date:2001-8-23|user:A1IDL0RY0K1MRA|score:5|votes:6|help:5
1473,1558780998,Evil Ascending/ Dark Conspiracy Series,Book,804718,4,0553561138;0553762796;155878120X;1558780920,3,"|Books[283155]|Subjects[1000]|Entertainment[86]|Games[4402]|General[4435] ; |Books[283155]|Subjects[1000]|Science Fiction & Fantasy[25]|Authors, A-Z[14652]|( S )[15869]|Stackpole, Michael A.[15978] ; |Books[283155]|Subjects[1000]|Science Fiction & Fantasy[25]|Science Fiction[16272]|General[16282]",1,1,5.0,date:1999-7-14|user:ATVPDKIKX0DER|score:5|votes:4|help:2
1500,1561004936,The Renegades of Pern (The Dragonriders of Pern) (Bookcassette(r) Edition),Book,668903,5,0345368932;0345339495;0345368959;0345368991;0345362861,6,"|Books[283155]|Formats[504358]|Books on Tape[44]|Literature & Fiction[2296]|Unabridged[2301] ; |Books[283155]|Subjects[1000]|Science Fiction & Fantasy[25]|Fantasy[16190]|General[16199] ; |Books[283155]|Formats[504358]|Books on Tape[44]|Science Fiction & Fantasy[2324]|Fantasy[265561] ; |Books[283155]|Subjects[1000]|Science Fiction & Fantasy[25]|Authors, A-Z[14652]|( M )[15568]|McCaffrey, Anne[15599]|General[284612] ; |Books[283155]|Formats[504358]|Books on Tape[44]|Authors, A-Z[287120]|( M )[287133]|McCaffrey, Anne[287360] ; |Books[283155]|Formats[504358]|Books on Tape[44]|General[658010]",28,28,3.5,date:1997-7-6|user:ATVPDKIKX0DER|score:5|votes:0|help:0 ; date:1997-10-1|user:A3BKWRGOENAOP9|score:5|votes:0|help:0 ; date:1998-4-22|user:A2FUVWKN2971OD|score:5|votes:0|help:0 ; date:1998-4-27|user:ATVPDKIKX0DER|score:3|votes:0|help:0 ; date:1998-5-17|user:A303QLU95M2U40|score:2|votes:2|help:1 ; date:1998-9-29|user:A1H56PWE8RGJZX|score:5|votes:0|help:0 ; date:1998-11-26|user:A303QLU95M2U40|score:1|votes:6|help:3 ; date:1999-4-3|user:ATVPDKIKX0DER|score:5|votes:1|help:1 ; date:1999-4-25|user:ATVPDKIKX0DER|score:3|votes:1|help:0 ; date:1999-5-12|user:ATVPDKIKX0DER|score:1|votes:4|help:3 ; date:1999-6-18|user:ATVPDKIKX0DER|score:5|votes:3|help:3 ; date:1999-10-12|user:ATVPDKIKX0DER|score:1|votes:6|help:3 ; date:2000-2-23|user:A3ADQ3TJ9K3772|score:2|votes:4|help:3 ; date:2000-6-13|user:AN3785EEMVK6|score:2|votes:4|help:2 ; date:2000-8-21|user:A2H6TLYEXCI14|score:5|votes:5|help:5 ; date:2000-8-21|user:A2PWE8MT77Y9SP|score:3|votes:1|help:0 ; date:2001-4-8|user:A3A5KZKMX1Y71S|score:5|votes:0|help:0 ; date:2001-4-8|user:A3A5KZKMX1Y71S|score:5|votes:2|help:2 ; date:2001-5-7|user:A20N2CSVYC6L01|score:4|votes:2|help:2 ; date:2001-6-7|user:A3APPLMYTR5MJ9|score:4|votes:3|help:2 ; date:2001-7-4|user:A21HGZET10WFDI|score:4|votes:1|help:1 ; date:2001-9-20|user:A2W1PJF91O6S3P|score:4|votes:3|help:3 ; date:2003-4-21|user:A303QLU95M2U40|score:1|votes:7|help:3 ; date:2003-4-30|user:A1V8MTRGPZNBSB|score:4|votes:1|help:1 ; date:2003-8-11|user:ADLN37B0153N|score:4|votes:1|help:1 ; date:2004-5-10|user:A2HWWQ6UQPF4CX|score:4|votes:4|help:3 ; date:2004-5-28|user:A28HSCK9WE5MHQ|score:5|votes:2|help:0 ; date:2004-7-2|user:A3BQPK9T0PNZ9B|score:3|votes:2|help:0
1592,0738849030,Are Dragons Real?,Book,3247362,0,,2,|Books[283155]|Subjects[1000]|Literature & Fiction[17]|General[10125]|Contemporary[10129] ; |Books[283155]|Subjects[1000]|Science Fiction & Fantasy[25]|Fantasy[16190]|General[16199],1,1,4.0,date:2001-7-8|user:A3LC584JVS7SYZ|score:4|votes:0|help:0
1690,0971600805,What If,Book,817691,5,0425184501;0451213076;1853676071;0399150919;0312309376,2,|Books[283155]|Subjects[1000]|Literature & Fiction[17]|General[10125]|Contemporary[10129] ; |Books[283155]|Subjects[1000]|Science Fiction & Fantasy[25]|Science Fiction[16272]|Alternate History[16275],1,1,5.0,date:2002-8-3|user:A14OJS0VWMOSWO|score:5|votes:8|help:6
1712,1571973060,My Brother's Keeper,Book,1675675,0,,5,|Books[283155]|Subjects[1000]|Literature & Fiction[17]|General[10125]|Contemporary[10129] ; |Books[283155]|Subjects[1000]|Literature & Fiction[17]|General[10125]|Literary[10132] ; |Books[283155]|Subjects[1000]|Religion & Spirituality[22]|Christianity[12290]|Fiction & Poetry[172806]|Fiction[12331] ; |Books[283155]|Subjects[1000]|Science Fiction & Fantasy[25]|Fantasy[16190]|Historical[16201] ; |Books[283155]|Subjects[1000]|Religion & Spirituality[22]|Fiction[12489]|General[735744],0,0,0.0,
1776,0671017144,"Coyote Moon (Buffy the Vampire Slayer, Book 3)",Book,39739,5,0671017152;0671026305;0671021346;0671026321;0671039210,12,"|Books[283155]|Subjects[1000]|Children's Books[4]|Literature[2966]|Science Fiction, Fantasy, Mystery & Horror[3013]|Science Fiction, Fantasy, & Magic[3017] ; |Books[283155]|Subjects[1000]|Children's Books[4]|Literature[2966]|Science Fiction, Fantasy, Mystery & Horror[3013]|Spine-Chilling Horror[3018] ; |Books[283155]|Subjects[1000]|Literature & Fiction[17]|Genre Fiction[10134]|Movie Tie-Ins[4497] ; |Books[283155]|Subjects[1000]|Horror[49]|Authors, A-Z[5439]|( V )[194005]|Vornholt, John[9501] ; |Books[283155]|Subjects[1000]|Horror[49]|Occult[9814] ; |Books[283155]|Subjects[1000]|Literature & Fiction[17]|General[10125]|Contemporary[10129] ; |Books[283155]|Subjects[1000]|Science Fiction & Fantasy[25]|Authors, A-Z[14652]|( V )[16049]|Vornholt, John[16080] ; |Books[283155]|Subjects[1000]|Teens[28]|Horror[17441] ; |Books[283155]|Subjects[1000]|Teens[28]|Literature & Fiction[17443]|Suspense[17454] ; |Books[283155]|Subjects[1000]|Teens[28]|Mysteries[17458] ; |Books[283155]|Subjects[1000]|Teens[28]|Series[17474]|Buffy the Vampire Slayer[17475] ; |Books[283155]|Subjects[1000]|Mystery & Thrillers[18]|General[605116]",46,46,4.5,date:1997-12-27|user:ATVPDKIKX0DER|score:4|votes:3|help:3 ; date:1998-2-1|user:ATVPDKIKX0DER|score:4|votes:0|help:0 ; date:1998-2-3|user:AI3W7KYPE95MK|score:5|votes:0|help:0 ; date:1998-2-14|user:ATVPDKIKX0DER|score:5|votes:0|help:0 ; date:1998-3-17|user:ATVPDKIKX0DER|score:4|votes:1|help:0 ; date:1998-4-14|user:ATVPDKIKX0DER|score:3|votes:1|help:0 ; date:1998-4-16|user:ATVPDKIKX0DER|score:5|votes:0|help:0 ; date:1998-4-23|user:ATVPDKIKX0DER|score:5|votes:0|help:0 ; date:1998-4-24|user:ATVPDKIKX0DER|score:5|votes:0|help:0 ; date:1998-4-30|user:ATVPDKIKX0DER|score:5|votes:0|help:0 ; date:1998-5-5|user:ATVPDKIKX0DER|score:5|votes:0|help:0 ; date:1998-6-17|user:ATVPDKIKX0DER|score:5|votes:0|help:0 ; date:1998-7-13|user:ATVPDKIKX0DER|score:4|votes:0|help:0 ; date:1998-7-19|user:ATVPDKIKX0DER|score:5|votes:0|help:0 ; date:1998-8-18|user:ATVPDKIKX0DER|score:3|votes:0|help:0 ; date:1998-8-20|user:ATVPDKIKX0DER|score:4|votes:0|help:0 ; date:1998-8-22|user:ATVPDKIKX0DER|score:5|votes:0|help:0 ; date:1998-9-20|user:ATVPDKIKX0DER|score:5|votes:0|help:0 ; date:1998-10-5|user:ATVPDKIKX0DER|score:5|votes:0|help:0 ; date:1998-10-6|user:ATVPDKIKX0DER|score:5|votes:1|help:0 ; date:1998-12-4|user:A2VYZ5IC37VG0Q|score:4|votes:0|help:0 ; date:1998-12-5|user:ATVPDKIKX0DER|score:4|votes:1|help:1 ; date:1998-12-16|user:ATVPDKIKX0DER|score:5|votes:0|help:0 ; date:1998-12-22|user:ATVPDKIKX0DER|score:3|votes:1|help:0 ; date:1999-1-31|user:ATVPDKIKX0DER|score:5|votes:0|help:0 ; date:1999-4-22|user:ATVPDKIKX0DER|score:1|votes:1|help:0 ; date:1999-5-3|user:ATVPDKIKX0DER|score:5|votes:1|help:0 ; date:1999-5-21|user:ATVPDKIKX0DER|score:5|votes:4|help:4 ; date:1999-6-23|user:ATVPDKIKX0DER|score:5|votes:2|help:2 ; date:1999-6-26|user:ATVPDKIKX0DER|score:5|votes:1|help:0 ; date:1999-7-1|user:A248BFOWB95T0X|score:5|votes:2|help:2 ; date:1999-12-2|user:A31L07EY79BS92|score:1|votes:2|help:1 ; date:2000-2-20|user:A3AT2SHMN7OFR9|score:3|votes:2|help:1 ; date:2000-2-22|user:AGLMZJVUGSOD5|score:5|votes:5|help:5 ; date:2000-2-23|user:ABGQF1Q2SRE44|score:5|votes:1|help:1 ; date:2000-7-24|user:A10H43Q2R4BCL4|score:5|votes:1|help:1 ; date:2000-9-30|user:A29FWOC05QVUTK|score:5|votes:4|help:4 ; date:2000-11-10|user:A2NJO6YE954DBH|score:4|votes:10|help:10 ; date:2001-9-19|user:AJ5MZ5QA0FPP3|score:5|votes:2|help:2 ; date:2002-1-15|user:A1YMN50C1WU4E9|score:4|votes:5|help:5 ; date:2002-3-6|user:A3CHVPALLB9BHK|score:3|votes:2|help:2 ; date:2002-7-27|user:A1F62BXMSV8TLS|score:4|votes:4|help:3 ; date:2003-12-26|user:A2QYEE5YKBMCN9|score:3|votes:1|help:1 ; date:2004-5-9|user:A1PXH6NS60C8V5|score:5|votes:0|help:0 ; date:2004-6-27|user:A3GKPMHV4U64IY|score:4|votes:2|help:2 ; date:2004-9-2|user:A4FX5YCJA630V|score:3|votes:1|help:1
1847,1892389347,White and Other Tales of Ruin,Book,945445,5,0843949260;0553586033;1930846177;1931081298;0843952008,3,"|Books[283155]|Subjects[1000]|Horror[49]|Authors, A-Z[5439]|( K )[7386]|Ketchum, Jack[7464] ; |Books[283155]|Subjects[1000]|Horror[49]|General[9808] ; |Books[283155]|Subjects[1000]|Science Fiction & Fantasy[25]|Fantasy[16190]|General[16199]",5,5,4.5,date:2003-4-23|user:A28WUG2Z6B76V7|score:5|votes:3|help:2 ; date:2003-12-17|user:A1L10XK94U8YQL|score:5|votes:4|help:3 ; date:2004-2-21|user:A2PN7Z2VTHICL8|score:5|votes:4|help:4 ; date:2004-5-19|user:A2V3P1XE33NYC3|score:3|votes:1|help:1 ; date:2004-9-12|user:A3S67FSO53ZBAN|score:5|votes:1|help:1
1858,0714840718,Cyber Reader: Critical Writings for the Digital Era,Book,474036,5,1572599529;0672326973;1556227353;0385495285;006097625X,5,|Books[283155]|Subjects[1000]|Computers & Internet[5]|Digital Business & Culture[549726]|Culture[3639] ; |Books[283155]|Subjects[1000]|Nonfiction[53]|Social Sciences[11232]|General[11268] ; |Books[283155]|Subjects[1000]|Science Fiction & Fantasy[25]|Science Fiction[16272]|General[16282] ; |Books[283155]|Subjects[1000]|Computers & Internet[5]|General[657762] ; |[265523]|Amazon.com Stores[285080]|Home & Office[764512]|Computer & Internet Books[768162]|Internet[768564]|Digital Business & Culture[768606]|Culture[768622],1,1,5.0,date:2002-6-4|user:A14OJS0VWMOSWO|score:5|votes:5|help:1
1956,0884046516,Final Blackout,Book,1337368,0,,3,"|Books[283155]|Subjects[1000]|Literature & Fiction[17]|Genre Fiction[10134]|War[10195] ; |Books[283155]|Subjects[1000]|Science Fiction & Fantasy[25]|Authors, A-Z[14652]|( H )[15304]|Hubbard, L. Ron[15378] ; |Books[283155]|Subjects[1000]|Science Fiction & Fantasy[25]|Science Fiction[16272]|General[16282]",16,16,4.0,date:1997-1-29|user:ATVPDKIKX0DER|score:5|votes:1|help:0 ; date:1997-9-10|user:ATVPDKIKX0DER|score:5|votes:4|help:3 ; date:1997-9-15|user:ATVPDKIKX0DER|score:5|votes:0|help:0 ; date:1997-11-20|user:ATVPDKIKX0DER|score:3|votes:1|help:0 ; date:1998-2-8|user:ATOFFO1VNCAGQ|score:5|votes:2|help:1 ; date:1998-2-23|user:A10PHEMMYZQVVS|score:3|votes:6|help:2 ; date:1998-4-5|user:A2R2ZDFPWCQC4Y|score:5|votes:1|help:0 ; date:1998-8-22|user:ATVPDKIKX0DER|score:4|votes:2|help:1 ; date:1998-11-26|user:A24R6WL5WQFPDO|score:4|votes:7|help:6 ; date:2000-6-24|user:A27IM9KLQGD2C0|score:4|votes:3|help:2 ; date:2000-11-15|user:A2MZ01KF0UTLDC|score:4|votes:6|help:4 ; date:2002-6-10|user:A1GQMMVTLK6LXU|score:1|votes:3|help:1 ; date:2002-12-13|user:A2ULQOGN59LDNK|score:5|votes:2|help:1 ; date:2003-2-19|user:A2F1P10GGZ7K2T|score:4|votes:2|help:1 ; date:2003-3-5|user:A34KUNKS9YQ75C|score:5|votes:4|help:1 ; date:2003-10-26|user:A3D6KZT0QG6UKB|score:2|votes:6|help:3
2040,0806523794,"The Minority Report and Other Classic Stories (Dick, Philip K. Short Stories.)",Book,326911,5,0806512091;0806513284;0345404475;0806526300;0806512261,2,"|Books[283155]|Subjects[1000]|Science Fiction & Fantasy[25]|Authors, A-Z[14652]|( D )[14990]|Dick, Philip K.[15043] ; |Books[283155]|Subjects[1000]|Science Fiction & Fantasy[25]|Science Fiction[16272]|General[16282]",4,4,4.5,date:2002-5-25|user:A1EKTLUL24HDG8|score:4|votes:14|help:12 ; date:2002-6-19|user:AH4IRHFUFERTZ|score:4|votes:61|help:60 ; date:2003-7-15|user:A390G89UG0WAYE|score:4|votes:4|help:3 ; date:2005-6-17|user:A2PN7Z2VTHICL8|score:5|votes:2|help:2
2101,0671784218,Hammers of Ulric (Warhammer),Book,580868,5,184416019X;0743411633;1844160718;0743443500;0671783734,3,|Books[283155]|Subjects[1000]|Literature & Fiction[17]|General[10125]|Contemporary[10129] ; |Books[283155]|Subjects[1000]|Science Fiction & Fantasy[25]|Fantasy[16190]|General[16199] ; |Books[283155]|Subjects[1000]|Science Fiction & Fantasy[25]|Science Fiction[16272]|General[16282],2,2,4.5,date:2000-11-20|user:A2QLCPB4H64L76|score:4|votes:14|help:14 ; date:2005-5-23|user:ADY0QI5IENSLY|score:5|votes:0|help:0
